,time_histo_el_s,Ra1,Ra2,Ra3,Rb1,Rb2,Rb3,Rc1,Rc2,Rc3
0,0.0,6082,0,3165,4937,0,5578,3172,0,0
1,1.0,6290,0,3336,4936,0,5166,3061,0,0
2,2.0,6422,0,3423,4934,0,5186,3120,0,0
3,3.0,6327,0,3314,5043,0,5268,3103,0,0
4,4.0,6314,0,3374,5067,0,5282,3157,0,0
5,5.0,6386,0,3367,5096,0,5307,3229,0,0
6,6.0,6473,0,3394,5236,0,5489,3159,0,0
7,7.0,6315,0,3369,5044,0,5289,3195,0,0
8,8.0,6326,0,3248,5034,0,5259,3185,0,0
9,9.0,6274,0,3245,5088,0,5343,3222,0,0
10,10.0,6306,0,3396,5041,0,5302,3233,0,0
11,11.0,6395,0,3426,5022,0,5267,3183,0,0
12,12.0,6279,0,3317,4968,0,5196,3104,0,0
13,13.0,6297,0,3338,5084,0,5326,3174,0,0
14,14.0,6396,0,3426,5065,0,5304,2979,0,0
15,15.0,6208,0,3343,5029,0,5281,3060,0,0
16,16.0,6233,0,3311,5009,0,5288,3099,0,0
17,17.0,6285,0,3356,5047,0,5300,3150,0,0
18,18.0,6274,0,3363,5004,0,5262,2987,0,0
19,19.0,6254,0,3378,4801,0,5059,2935,0,0
20,20.0,6184,0,3335,5017,0,5315,2980,0,0
21,21.0,6234,0,3308,4936,0,5189,2912,0,0
22,22.0,6289,0,3381,4994,0,5244,3131,0,0
23,23.0,6223,0,3273,4960,0,5223,3037,0,0
24,24.0,6317,0,3337,4852,0,5103,3027,0,0
25,25.0,6427,0,3406,5043,0,5284,3204,0,0
26,26.0,6323,0,3380,5130,0,5367,3297,0,0
27,27.0,6438,0,3483,5143,0,5380,3280,0,0
28,28.0,6564,0,3539,5192,0,5449,3477,0,0
29,29.0,6448,0,3394,5093,0,5322,3380,0,0
30,30.0,6667,0,3569,5129,0,5355,3405,0,0
31,31.0,6487,0,3505,5143,0,5401,3442,0,0
32,32.0,6624,0,3606,5247,0,5479,3518,0,0
33,33.0,6643,0,3537,5254,0,5481,3502,0,0
34,34.0,6706,0,3510,5330,0,5590,3514,0,0
35,35.0,6548,0,3489,5164,0,5384,3511,0,0
36,36.0,6492,0,3465,5135,0,5363,3403,0,0
37,37.0,6551,0,3526,5273,0,5514,3576,0,0
38,38.0,6602,0,3410,5273,0,5500,3522,0,0
39,39.0,6456,0,3470,5250,0,5444,3415,0,0
40,40.0,6648,0,3520,5184,0,5409,3547,0,0
41,41.0,6610,0,3489,5263,0,5483,3439,0,0
42,42.0,6513,0,3383,5160,0,5399,3491,0,0
43,43.0,6347,0,3338,5101,0,5363,3231,0,0
44,44.0,6400,0,3445,5087,0,5302,3135,0,0
45,45.0,6479,0,3486,5053,0,5277,3132,0,0
46,46.0,6319,0,3320,4981,0,5226,3136,0,0
47,47.0,6243,0,3296,4993,0,5245,3141,0,0
48,48.0,6199,0,3306,4959,0,5171,3020,0,0
49,49.0,6373,0,3384,5138,0,5360,3137,0,0
50,50.0,6458,0,3452,5026,0,5260,3149,0,0
51,51.0,6390,0,3518,5135,0,5392,3181,0,0
52,52.0,6385,0,3404,5051,0,5269,3083,0,0
53,53.0,6199,0,3328,4888,0,5140,3124,0,0
54,54.0,6474,0,3502,5152,0,5332,3165,0,0
55,55.0,6386,0,3452,5128,0,5361,3108,0,0
56,56.0,6260,0,3307,4915,0,5146,3233,0,0
57,57.0,6346,0,3330,5054,0,5285,3136,0,0
58,58.0,6319,0,3358,5090,0,5293,3105,0,0
59,59.0,6321,0,3424,5126,0,5348,3319,0,0
60,60.0,6260,0,3274,4847,0,5052,3078,0,0
61,61.0,6441,0,3451,5079,0,5302,3267,0,0
62,62.0,6380,0,3368,5222,0,5444,3276,0,0
63,63.0,6325,0,3373,5134,0,5349,3487,0,0
64,64.0,6388,0,3390,5130,0,5362,3475,0,0
65,65.0,6551,0,3504,5226,0,5445,3493,0,0
66,66.0,6436,0,3363,5238,0,5481,3433,0,0
67,67.0,6321,0,3381,5081,0,5310,3209,0,0
68,68.0,6382,0,3484,5144,0,5396,3313,0,0
69,69.0,6453,0,3382,5096,0,5311,3374,0,0
70,70.0,6433,0,3451,5047,0,5260,3290,0,0
71,71.0,6412,0,3442,5112,0,5368,3329,0,0
72,72.0,6588,0,3420,5174,0,5410,3450,0,0
73,74.0,6565,0,3505,5150,0,5366,3401,0,0
74,75.0,6636,0,3435,5204,0,5422,3409,0,0
75,76.0,6404,0,3491,5242,0,5497,3433,0,0
76,77.0,6589,0,3537,5303,0,5538,3535,0,0
77,78.0,6420,0,3433,5115,0,5353,3492,0,0
78,79.0,6561,0,3541,5309,0,5539,3402,0,0
79,80.0,6492,0,3458,5296,0,5533,3504,0,0
80,81.0,6653,0,3473,5198,0,5428,3497,0,0
81,82.0,6494,0,3533,5169,0,5420,3508,0,0
82,83.0,6799,0,3610,5323,0,5576,3536,0,0
83,84.0,6574,0,3613,5328,0,5589,3695,0,0
84,85.0,6570,0,3528,5310,0,5529,3552,0,0
85,86.0,6371,0,3316,5184,0,5421,3493,0,0
86,87.0,6461,0,3381,5240,0,5479,3505,0,0
87,88.0,6589,0,3450,5218,0,5456,3439,0,0
88,89.0,6648,0,3510,5154,0,5426,3541,0,0
89,90.0,6607,0,3505,5176,0,5419,3515,0,0
90,91.0,6455,0,3400,5100,0,5318,3479,0,0
91,92.0,6609,0,3509,5257,0,5473,3563,0,0
92,93.0,6562,0,3480,5359,0,5583,3543,0,0
93,94.0,6508,0,3522,5251,0,5486,3490,0,0
94,95.0,6507,0,3511,5167,0,5392,3589,0,0
95,96.0,6438,0,3459,5165,0,5404,3630,0,0
96,97.0,6581,0,3467,5339,0,5570,3617,0,0
97,98.0,6508,0,3526,5151,0,5375,3556,0,0
98,99.0,6792,0,4127,5314,0,6246,3691,0,0
99,100.0,6586,0,4340,5253,0,6299,3689,0,0
100,101.0,6536,0,3666,5260,0,5823,3561,0,0
101,102.0,6584,0,3642,5301,0,5890,3564,0,0
102,103.0,6524,0,3687,5090,0,5706,3634,0,0
103,104.0,6529,0,3651,5101,0,5643,3503,0,0
104,105.0,6554,0,3634,5113,0,5713,3362,0,0
105,106.0,6283,0,3489,5078,0,5699,3290,0,0
106,107.0,6441,0,3523,5006,0,5627,3260,0,0
107,108.0,6244,0,3528,4919,0,5497,3169,0,0
108,109.0,6130,0,3432,4965,0,5560,3079,0,0
109,110.0,6152,0,3477,4890,0,5513,2972,0,0
110,111.0,5981,0,3383,4858,0,5454,2788,0,0
111,112.0,6194,0,3479,4896,0,5506,2905,0,0
112,113.0,6096,0,3399,4865,0,5472,2785,0,0
113,114.0,6107,0,3357,4828,0,5414,2714,0,0
114,115.0,6150,0,3494,4830,0,5423,2764,0,0
115,116.0,5966,0,3386,4822,0,5423,2823,0,0
116,117.0,6077,0,3302,4908,0,5517,2865,0,0
117,118.0,6153,0,3426,4813,0,5372,2842,0,0
118,119.0,6248,0,3519,4930,0,5533,3002,0,0
119,120.0,6158,0,3403,4954,0,5528,3066,0,0
120,121.0,6262,0,3510,5004,0,5592,3162,0,0
121,122.0,6297,0,3526,4954,0,5549,3158,0,0
122,123.0,6461,0,3576,4835,0,5386,3148,0,0
123,124.0,6350,0,3535,5111,0,5657,3069,0,0
124,125.0,6081,0,3424,4946,0,5552,2977,0,0
125,126.0,6257,0,3531,4971,0,5511,3035,0,0
126,127.0,6255,0,3423,4977,0,5586,3122,0,0
127,128.0,6357,0,3485,5030,0,5578,3201,0,0
128,129.0,6327,0,3603,5067,0,5686,3188,0,0
129,130.0,6323,0,3524,4993,0,5595,3201,0,0
130,131.0,6296,0,3600,5030,0,5575,3076,0,0
131,132.0,6489,0,3663,5003,0,5561,3131,0,0
132,133.0,6363,0,3521,4952,0,5530,3150,0,0
133,134.0,6226,0,3411,4965,0,5532,3224,0,0
134,135.0,6393,0,3679,5025,0,5595,3141,0,0
135,136.0,6246,0,3517,5052,0,5654,3255,0,0
136,137.0,6326,0,3546,4853,0,5377,3185,0,0
137,138.0,6356,0,3592,5046,0,5608,3360,0,0
138,139.0,6556,0,3742,5034,0,5586,3440,0,0
139,140.0,6260,0,3520,5151,0,5684,3427,0,0
140,141.0,6338,0,3520,4945,0,5505,3333,0,0
141,142.0,6501,0,3575,4995,0,5569,3359,0,0
142,143.0,6446,0,3643,5097,0,5683,3331,0,0
143,144.0,6269,0,3556,5075,0,5648,3182,0,0
144,145.0,6629,0,3734,5045,0,5591,3399,0,0
145,146.0,6583,0,3665,5002,0,5521,3458,0,0
146,147.0,6448,0,3568,5005,0,5590,3454,0,0
147,148.0,6556,0,3650,5188,0,5756,3418,0,0
148,149.0,6480,0,3630,5079,0,5635,3288,0,0
149,150.0,6580,0,3703,5055,0,5616,3409,0,0
150,151.0,6301,0,3568,5003,0,5566,3410,0,0
151,152.0,6400,0,3601,5072,0,5687,3540,0,0
152,153.0,6434,0,3624,4964,0,5522,3356,0,0
153,154.0,6397,0,3628,5052,0,5611,3467,0,0
154,155.0,6499,0,3668,4991,0,5560,3397,0,0
155,156.0,6453,0,3683,5102,0,5635,3450,0,0
156,157.0,6588,0,3644,5248,0,5795,3490,0,0
157,158.0,6570,0,3655,5194,0,5775,3593,0,0
158,159.0,6465,0,3660,5064,0,5662,3545,0,0
159,160.0,6553,0,3656,5127,0,5707,3570,0,0
160,161.0,6509,0,3674,5278,0,5920,3601,0,0
161,162.0,6619,0,3819,5209,0,5800,3654,0,0
162,163.0,6732,0,3750,5395,0,5942,3642,0,0
163,164.0,6657,0,3807,5199,0,5775,3700,0,0
164,165.0,6580,0,3649,5256,0,5827,3670,0,0
165,166.0,6596,0,3732,5164,0,5719,3708,0,0
166,167.0,6718,0,3804,5317,0,5855,3584,0,0
167,168.0,6439,0,3664,5373,0,5945,3643,0,0
168,169.0,6633,0,3748,5176,0,5756,3544,0,0
169,170.0,6590,0,3721,5295,0,5864,3659,0,0
170,171.0,6468,0,3631,5198,0,5742,3600,0,0
171,172.0,6590,0,3702,5157,0,5707,3723,0,0
172,173.0,6672,0,3775,5107,0,5671,3591,0,0
173,174.0,6466,0,3633,5233,0,5808,3595,0,0
174,175.0,6498,0,3729,5090,0,5631,3604,0,0
175,176.0,6545,0,3693,5252,0,5812,3511,0,0
176,177.0,6629,0,3736,5146,0,5717,3531,0,0
177,178.0,6664,0,3723,5135,0,5677,3431,0,0
178,179.0,6557,0,3700,4997,0,5587,3433,0,0
179,180.0,6504,0,3663,5102,0,5698,3428,0,0
180,181.0,6403,0,3599,5058,0,5648,3325,0,0
181,182.0,6401,0,3610,4955,0,5527,3360,0,0
182,183.0,6449,0,3608,4975,0,5554,3326,0,0
183,184.0,6429,0,3500,4863,0,5414,3359,0,0
184,185.0,6392,0,3576,4995,0,5572,3559,0,0
185,186.0,6285,0,3577,5087,0,5642,3610,0,0
186,187.0,6418,0,3628,5071,0,5640,3574,0,0
187,188.0,6473,0,3581,5042,0,5632,3453,0,0
188,189.0,6451,0,3621,4978,0,5520,3488,0,0
189,190.0,6380,0,3608,5084,0,5649,3361,0,0
190,191.0,6346,0,3536,5162,0,5699,3473,0,0
191,192.0,6397,0,3563,5132,0,5721,3439,0,0
192,193.0,6457,0,3619,5146,0,5701,3374,0,0
193,194.0,6437,0,3547,5150,0,5711,3379,0,0
194,195.0,6382,0,3524,5093,0,5658,3350,0,0
195,196.0,6411,0,3594,5128,0,5681,3548,0,0
196,197.0,6523,0,3681,5134,0,5703,3494,0,0
197,198.0,6527,0,3670,5125,0,5665,3245,0,0
198,199.0,6484,0,3669,4999,0,5575,3471,0,0
199,200.0,6511,0,3679,5004,0,5588,3471,0,0
200,202.0,6485,0,3699,5012,0,5560,3504,0,0
201,203.0,6397,0,3569,5058,0,5647,3387,0,0
202,204.0,6379,0,3648,5050,0,5599,3349,0,0
203,205.0,6370,0,3503,5004,0,5513,3462,0,0
204,206.0,6345,0,3636,5000,0,5545,3462,0,0
205,207.0,6307,0,3631,5013,0,5544,3219,0,0
206,208.0,6330,0,3541,5024,0,5557,3281,0,0
207,209.0,6279,0,3496,4951,0,5518,3307,0,0
208,210.0,6265,0,3550,4947,0,5529,3302,0,0
209,211.0,6414,0,3668,5053,0,5617,3437,0,0
210,212.0,6394,0,3649,5087,0,5651,3462,0,0
211,213.0,6267,0,3540,5175,0,5748,3602,0,0
212,214.0,6452,0,3691,5145,0,5730,3523,0,0
213,215.0,6500,0,3640,5062,0,5671,3487,0,0
214,216.0,6602,0,3682,5165,0,5733,3563,0,0
215,217.0,6341,0,3657,5136,0,5713,3534,0,0
216,218.0,6506,0,3652,5119,0,5659,3612,0,0
217,219.0,6476,0,3616,5152,0,5736,3467,0,0
218,220.0,6551,0,3675,5214,0,5779,3567,0,0
219,221.0,6482,0,3732,5106,0,5659,3511,0,0
220,222.0,6376,0,3620,5206,0,5754,3447,0,0
221,223.0,6515,0,3686,5160,0,5738,3522,0,0
222,224.0,6627,0,3670,5210,0,5798,3550,0,0
223,225.0,6453,0,3659,5025,0,5656,3573,0,0
224,226.0,6315,0,3545,5233,0,5804,3462,0,0
225,227.0,6324,0,3565,5022,0,5600,3461,0,0
226,228.0,6374,0,3648,5112,0,5674,3430,0,0
227,229.0,6485,0,3611,5143,0,5697,3297,0,0
228,230.0,6557,0,3752,5268,0,5828,3520,0,0
229,231.0,6445,0,3610,5112,0,5684,3480,0,0
230,232.0,6328,0,3552,5058,0,5618,3372,0,0
231,233.0,6500,0,3707,5226,0,5791,3381,0,0
232,234.0,6435,0,3648,4979,0,5536,3369,0,0
233,235.0,6376,0,3620,5050,0,5633,3348,0,0
234,236.0,6465,0,3604,5119,0,5683,3466,0,0
235,237.0,6487,0,3690,5159,0,5734,3497,0,0
236,238.0,6467,0,3538,5278,0,5854,3439,0,0
237,239.0,6407,0,3568,5333,0,5874,3288,0,0
238,240.0,6426,0,3544,5267,0,5838,3401,0,0
239,241.0,6487,0,3644,5121,0,5640,3345,0,0
240,242.0,6493,0,3647,5169,0,5763,3407,0,0
241,243.0,6379,0,3617,5122,0,5674,3513,0,0
242,244.0,6581,0,3609,5127,0,5713,3473,0,0
243,245.0,6511,0,3705,5202,0,5739,3316,0,0
244,246.0,6416,0,3619,5063,0,5640,3372,0,0
245,247.0,6424,0,3668,5133,0,5734,3566,0,0
246,248.0,6477,0,3653,5029,0,5632,3489,0,0
247,249.0,6531,0,3687,5234,0,5791,3512,0,0
248,250.0,6397,0,3558,5082,0,5663,3452,0,0
249,251.0,6445,0,3643,5217,0,5803,3381,0,0
250,252.0,6384,0,3553,5020,0,5586,3479,0,0
251,253.0,6543,0,3603,5107,0,5710,3449,0,0
252,254.0,6518,0,3698,4997,0,5543,3436,0,0
253,255.0,6451,0,3595,4998,0,5564,3487,0,0
254,256.0,6658,0,3671,5135,0,5698,3510,0,0
255,257.0,6480,0,3698,5065,0,5666,3439,0,0
256,258.0,6415,0,3581,5124,0,5656,3443,0,0
257,259.0,6343,0,3578,4926,0,5522,3290,0,0
258,260.0,6483,0,3613,5041,0,5598,3467,0,0
259,261.0,6561,0,3649,5168,0,5706,3369,0,0
260,262.0,6530,0,3670,5176,0,5799,3256,0,0
261,263.0,6480,0,3612,5026,0,5610,3419,0,0
262,264.0,6357,0,3568,5196,0,5754,3382,0,0
263,265.0,6469,0,3677,5086,0,5649,3393,0,0
264,266.0,6410,0,3709,4974,0,5536,3254,0,0
265,267.0,6484,0,3709,5087,0,5644,3410,0,0
266,268.0,6417,0,3581,5182,0,5748,3330,0,0
267,269.0,6430,0,3609,5082,0,5659,3517,0,0
268,270.0,6220,0,3478,4875,0,5442,3317,0,0
269,271.0,6324,0,3556,5018,0,5560,3307,0,0
270,272.0,6499,0,3674,5161,0,5718,3337,0,0
271,273.0,6459,0,3720,4942,0,5529,3464,0,0
272,274.0,6362,0,3565,4986,0,5529,3356,0,0
273,275.0,6389,0,3680,4990,0,5570,3528,0,0
274,276.0,6391,0,3679,5080,0,5645,3468,0,0
275,277.0,6295,0,3522,5040,0,5607,3448,0,0
276,278.0,6456,0,3619,5049,0,5635,3474,0,0
277,279.0,6437,0,3736,5145,0,5718,3494,0,0
278,280.0,6400,0,3646,5113,0,5658,3381,0,0
279,281.0,6392,0,3644,5088,0,5687,3350,0,0
280,282.0,6390,0,3581,5057,0,5646,3384,0,0
281,283.0,6359,0,3642,5320,0,5898,3347,0,0
282,284.0,6446,0,3576,5033,0,5592,3396,0,0
283,285.0,6345,0,3598,5045,0,5594,3267,0,0
284,286.0,6358,0,3594,5210,0,5779,3346,0,0
285,287.0,6480,0,3677,5194,0,5714,3487,0,0
286,288.0,6345,0,3617,4997,0,5547,3515,0,0
287,289.0,6476,0,3702,5233,0,5785,3557,0,0
288,290.0,6534,0,3739,5001,0,5568,3565,0,0
289,291.0,6540,0,3630,5114,0,5660,3604,0,0
290,292.0,6568,0,3754,5187,0,5719,3633,0,0
291,293.0,6470,0,3681,5302,0,5880,3700,0,0
292,294.0,6658,0,3699,5211,0,5771,3702,0,0
293,295.0,6701,0,3783,5361,0,5934,3724,0,0
294,296.0,6535,0,3702,5179,0,5778,3760,0,0
295,297.0,6728,0,3793,5264,0,5867,3766,0,0
296,298.0,6630,0,3787,5233,0,5813,3635,0,0
297,299.0,6501,0,3645,5237,0,5848,3737,0,0
298,300.0,6626,0,3700,5246,0,5789,3690,0,0
299,301.0,6715,0,3678,5211,0,5734,3540,0,0
300,302.0,6558,0,3707,5298,0,5881,3681,0,0
301,303.0,6556,0,3668,5199,0,5834,3502,0,0
302,304.0,6639,0,3724,5213,0,5798,3540,0,0
303,305.0,6366,0,3547,5149,0,5734,3547,0,0
304,306.0,6698,0,3794,5124,0,5699,3591,0,0
305,307.0,6560,0,3691,5175,0,5696,3516,0,0
306,308.0,6506,0,3552,5257,0,5783,3569,0,0
307,309.0,6644,0,3762,5221,0,5813,3455,0,0
308,310.0,6400,0,3612,5051,0,5624,3463,0,0
309,311.0,6414,0,3607,5095,0,5675,3356,0,0
310,312.0,6450,0,3662,5224,0,5797,3359,0,0
311,313.0,6487,0,3687,5232,0,5832,3285,0,0
312,314.0,6504,0,3604,5140,0,5683,3500,0,0
313,315.0,6506,0,3621,5075,0,5653,3353,0,0
314,316.0,6571,0,3690,5152,0,5726,3556,0,0
315,317.0,6509,0,3668,5157,0,5694,3519,0,0
316,318.0,6360,0,3609,5148,0,5715,3416,0,0
317,319.0,6465,0,3668,5132,0,5683,3354,0,0
318,320.0,6391,0,3638,5139,0,5698,3407,0,0
319,321.0,6624,0,3747,5148,0,5697,3557,0,0
320,322.0,6273,0,3556,5078,0,5604,3415,0,0
321,323.0,6387,0,3613,5169,0,5720,3436,0,0
322,324.0,6601,0,3686,5092,0,5647,3447,0,0
323,325.0,6567,0,3667,5101,0,5726,3418,0,0
324,326.0,6416,0,3582,5078,0,5645,3340,0,0
325,327.0,6298,0,3589,4989,0,5570,3412,0,0
326,329.0,6468,0,3601,5256,0,5879,3437,0,0
327,330.0,6477,0,3672,5080,0,5623,3408,0,0
328,331.0,6455,0,3616,5117,0,5683,3399,0,0
329,332.0,6548,0,3681,5236,0,5834,3457,0,0
330,333.0,6349,0,3642,5052,0,5610,3516,0,0
331,334.0,6290,0,3606,5088,0,5633,3446,0,0
332,335.0,6497,0,3692,5130,0,5748,3438,0,0
333,336.0,6301,0,3461,5273,0,5810,3442,0,0
334,337.0,6559,0,3666,5101,0,5677,3535,0,0
335,338.0,6425,0,3581,4993,0,5592,3467,0,0
336,339.0,6569,0,3628,5217,0,5807,3425,0,0
337,340.0,6586,0,3795,5121,0,5721,3505,0,0
338,341.0,6553,0,3738,5206,0,5788,3520,0,0
339,342.0,6369,0,3562,5028,0,5588,3429,0,0
340,343.0,6392,0,3550,5205,0,5799,3493,0,0
341,344.0,6384,0,3610,5043,0,5601,3511,0,0
342,345.0,6519,0,3666,5138,0,5745,3555,0,0
343,346.0,6438,0,3637,4994,0,5580,3518,0,0
344,347.0,6398,0,3549,5088,0,5669,3437,0,0
345,348.0,6481,0,3586,5109,0,5699,3491,0,0
346,349.0,6477,0,3605,5081,0,5659,3414,0,0
347,350.0,6497,0,3600,5218,0,5786,3511,0,0
348,351.0,6498,0,3570,5199,0,5758,3444,0,0
349,352.0,6463,0,3642,5072,0,5595,3412,0,0
350,353.0,6208,0,3465,5077,0,5615,3311,0,0
351,354.0,6375,0,3654,5105,0,5639,3411,0,0
352,355.0,6285,0,3559,5001,0,5608,3315,0,0
353,356.0,6256,0,3447,4875,0,5457,3303,0,0
354,357.0,6295,0,3531,5081,0,5643,3351,0,0
355,358.0,6337,0,3605,5092,0,5648,3446,0,0
356,359.0,6372,0,3650,5142,0,5729,3545,0,0
357,360.0,6542,0,3714,5199,0,5793,3490,0,0
358,361.0,6463,0,3728,5182,0,5787,3522,0,0
359,362.0,6460,0,3661,5073,0,5638,3681,0,0
360,363.0,6494,0,3669,5124,0,5706,3717,0,0
361,364.0,6643,0,3797,5312,0,5871,3661,0,0
362,365.0,6694,0,3736,5337,0,5935,3638,0,0
363,366.0,6678,0,3761,5238,0,5846,3710,0,0
364,367.0,6627,0,3736,5226,0,5802,3617,0,0
365,368.0,6726,0,3750,5192,0,5748,3679,0,0
366,369.0,6646,0,3707,5247,0,5865,3702,0,0
367,370.0,6683,0,3729,5272,0,5871,3631,0,0
368,371.0,6622,0,3730,5201,0,5747,3582,0,0
369,372.0,6550,0,3698,5155,0,5753,3679,0,0
370,373.0,6592,0,3786,5234,0,5823,3532,0,0
371,374.0,6650,0,3766,5126,0,5691,3617,0,0
372,375.0,6493,0,3525,5332,0,5926,3536,0,0
373,376.0,6798,0,3767,5260,0,5849,3630,0,0
374,377.0,6509,0,3665,5186,0,5787,3586,0,0
375,378.0,6553,0,3726,5173,0,5754,3550,0,0
376,379.0,6351,0,3565,5124,0,5723,3501,0,0
377,380.0,6481,0,3716,5151,0,5714,3692,0,0
378,381.0,6574,0,3637,5189,0,5752,3580,0,0
379,382.0,6455,0,3652,5217,0,5758,3612,0,0
380,383.0,6456,0,3605,5170,0,5770,3521,0,0
381,384.0,6414,0,3580,5160,0,5773,3490,0,0
382,385.0,6501,0,3700,5111,0,5692,3550,0,0
383,386.0,6332,0,3512,5087,0,5657,3547,0,0
384,387.0,6543,0,3830,5069,0,5611,3394,0,0
385,388.0,6345,0,3526,4892,0,5473,3427,0,0
386,389.0,6297,0,3478,5106,0,5703,3268,0,0
387,390.0,6427,0,3697,4979,0,5525,3322,0,0
388,391.0,6200,0,3535,4945,0,5522,3212,0,0
389,392.0,6282,0,3611,4961,0,5563,3312,0,0
390,393.0,6240,0,3472,4926,0,5509,3287,0,0
391,394.0,6322,0,3611,5005,0,5545,3413,0,0
392,395.0,6111,0,3417,4992,0,5557,3247,0,0
393,396.0,6177,0,3514,4880,0,5410,3211,0,0
394,397.0,6128,0,3506,5042,0,5585,3086,0,0
395,398.0,6192,0,3479,4913,0,5543,3214,0,0
396,399.0,6225,0,3506,4964,0,5528,3227,0,0
397,400.0,6205,0,3503,5020,0,5622,3318,0,0
398,401.0,6350,0,3510,4978,0,5544,3273,0,0
399,402.0,6412,0,3677,5058,0,5623,3167,0,0
400,403.0,6320,0,3572,4958,0,5600,3262,0,0
401,404.0,6342,0,3571,5101,0,5664,3304,0,0
402,405.0,6286,0,3603,5032,0,5610,3255,0,0
403,406.0,6411,0,3605,5055,0,5610,3403,0,0
404,407.0,6440,0,3647,5110,0,5651,3297,0,0
405,408.0,6389,0,3614,5062,0,5662,3433,0,0
406,409.0,6260,0,3497,5204,0,5771,3490,0,0
407,410.0,6333,0,3584,5143,0,5721,3286,0,0
408,411.0,6328,0,3558,5108,0,5688,3362,0,0
409,412.0,6497,0,3596,5066,0,5644,3362,0,0
410,413.0,6255,0,3616,5102,0,5707,3412,0,0
411,414.0,6567,0,3686,5247,0,5836,3535,0,0
412,415.0,6477,0,3580,5160,0,5756,3498,0,0
413,416.0,6447,0,3651,5109,0,5661,3455,0,0
414,417.0,6552,0,3752,5189,0,5805,3513,0,0
415,418.0,6481,0,3639,4981,0,5554,3528,0,0
416,419.0,6296,0,3511,5091,0,5690,3437,0,0
417,420.0,6602,0,3729,5118,0,5694,3474,0,0
418,421.0,6330,0,3600,4932,0,5507,3398,0,0
419,422.0,6525,0,3658,5324,0,5892,3318,0,0
420,423.0,6393,0,3605,5043,0,5621,3450,0,0
421,424.0,6534,0,3680,5028,0,5602,3409,0,0
422,425.0,6396,0,3554,5119,0,5687,3453,0,0
423,426.0,6439,0,3644,5210,0,5809,3446,0,0
424,427.0,6466,0,3620,5044,0,5613,3380,0,0
425,428.0,6496,0,3644,5022,0,5612,3228,0,0
426,429.0,6255,0,3456,5107,0,5713,3333,0,0
427,430.0,6434,0,3598,5032,0,5617,3298,0,0
428,431.0,6235,0,3531,5074,0,5655,3055,0,0
429,432.0,6427,0,3568,4955,0,5549,3202,0,0
430,433.0,6342,0,3624,4997,0,5608,3184,0,0
431,434.0,6441,0,3632,5053,0,5611,3241,0,0
432,435.0,6389,0,3490,5045,0,5643,3310,0,0
433,436.0,6438,0,3644,4997,0,5595,3372,0,0
434,437.0,6389,0,3586,5031,0,5651,3306,0,0
435,438.0,6519,0,3618,5030,0,5611,3399,0,0
436,439.0,6505,0,3622,5118,0,5752,3448,0,0
437,440.0,6601,0,3680,5164,0,5762,3521,0,0
438,441.0,6490,0,3738,4971,0,5558,3332,0,0
439,442.0,6366,0,3593,5044,0,5591,3601,0,0
440,443.0,6351,0,3555,5122,0,5715,3459,0,0
441,444.0,6558,0,3687,5031,0,5570,3485,0,0
442,445.0,6273,0,3427,4923,0,5492,3379,0,0
443,446.0,6385,0,3642,5073,0,5632,3467,0,0
444,447.0,6443,0,3610,5161,0,5744,3440,0,0
445,448.0,6423,0,3595,5136,0,5703,3461,0,0
446,449.0,6387,0,3670,5112,0,5670,3449,0,0
447,450.0,6300,0,3621,5055,0,5666,3407,0,0
448,451.0,6277,0,3627,5003,0,5533,3433,0,0
449,452.0,6222,0,3564,5055,0,5637,3292,0,0
450,453.0,6430,0,3666,4945,0,5526,3385,0,0
451,454.0,6345,0,3602,4978,0,5533,3356,0,0
452,455.0,6337,0,3668,4969,0,5561,3469,0,0
453,456.0,6208,0,3490,4975,0,5548,3476,0,0
454,457.0,6262,0,3582,5007,0,5556,3414,0,0
455,458.0,6216,0,3531,4957,0,5533,3388,0,0
456,460.0,6210,0,3554,4959,0,5511,3429,0,0
457,461.0,6387,0,3590,4918,0,5504,3428,0,0
458,462.0,6268,0,3515,4894,0,5484,3319,0,0
459,463.0,6256,0,3611,4972,0,5561,3426,0,0
460,464.0,6306,0,3671,4947,0,5519,3383,0,0
461,465.0,6469,0,3783,4930,0,5535,3366,0,0
462,466.0,6316,0,3548,4952,0,5538,3336,0,0
463,467.0,6318,0,3639,5029,0,5632,3570,0,0
464,468.0,6382,0,3697,5166,0,5757,3463,0,0
465,469.0,6553,0,3684,4998,0,5606,3454,0,0
466,470.0,6382,0,3605,4973,0,5567,3441,0,0
467,471.0,6360,0,3615,5144,0,5693,3484,0,0
468,472.0,6446,0,3598,5165,0,5753,3515,0,0
469,473.0,6456,0,3597,5056,0,5625,3379,0,0
470,474.0,6406,0,3621,4919,0,5518,3342,0,0
471,475.0,6334,0,3608,5139,0,5725,3423,0,0
472,476.0,6372,0,3536,5061,0,5643,3410,0,0
473,477.0,6447,0,3666,5146,0,5747,3491,0,0
474,478.0,6541,0,3683,4955,0,5578,3413,0,0
475,479.0,6334,0,3654,5088,0,5629,3483,0,0
476,480.0,6439,0,3614,5159,0,5743,3305,0,0
477,481.0,6527,0,3653,5044,0,5610,3324,0,0
478,482.0,6426,0,3574,5083,0,5673,3353,0,0
479,483.0,6580,0,3735,5006,0,5623,3428,0,0
480,484.0,6572,0,3721,5160,0,5807,3476,0,0
481,485.0,6570,0,3617,5188,0,5769,3504,0,0
482,486.0,6506,0,3678,5094,0,5714,3324,0,0
483,487.0,6351,0,3613,5019,0,5602,3320,0,0
484,488.0,6483,0,3635,5172,0,5764,3487,0,0
485,489.0,6490,0,3633,5112,0,5686,3475,0,0
486,490.0,6575,0,3712,5003,0,5577,3360,0,0
487,491.0,6650,0,3823,5202,0,5863,3525,0,0
488,492.0,6481,0,3694,5185,0,5757,3404,0,0
489,493.0,6412,0,3648,5229,0,5833,3410,0,0
490,494.0,6457,0,3734,5151,0,5704,3287,0,0
491,495.0,6386,0,3652,5010,0,5593,3182,0,0
492,496.0,6222,0,3541,4943,0,5560,3220,0,0
493,497.0,6370,0,3504,5124,0,5734,3306,0,0
494,498.0,6358,0,3587,5036,0,5610,3370,0,0
495,499.0,6338,0,3547,5116,0,5716,3365,0,0
496,500.0,6450,0,3681,5067,0,5667,3413,0,0
497,501.0,6486,0,3635,5163,0,5729,3373,0,0
498,502.0,6460,0,3602,5075,0,5659,3301,0,0
499,503.0,6544,0,3689,5160,0,5752,3401,0,0
500,504.0,6528,0,3727,5100,0,5675,3337,0,0
501,505.0,6448,0,3675,4921,0,5495,3376,0,0
502,506.0,6280,0,3600,5117,0,5713,3341,0,0
503,507.0,6383,0,3638,5131,0,5686,3378,0,0
504,508.0,6479,0,3652,5149,0,5720,3405,0,0
505,509.0,6544,0,3640,4896,0,5495,3377,0,0
506,510.0,6356,0,3671,5099,0,5691,3442,0,0
507,511.0,6345,0,3653,4898,0,5510,3467,0,0
508,512.0,6509,0,3695,4970,0,5589,3441,0,0
509,513.0,6268,0,3666,5008,0,5644,3340,0,0
510,514.0,6434,0,3608,4997,0,5621,3474,0,0
511,515.0,6418,0,3614,5104,0,5697,3421,0,0
512,516.0,6591,0,3806,5180,0,5848,3582,0,0
513,517.0,6356,0,3558,5048,0,5676,3416,0,0
514,518.0,6387,0,3652,5144,0,5798,3487,0,0
515,519.0,6464,0,3649,5262,0,5899,3468,0,0
516,520.0,6428,0,3697,5115,0,5754,3370,0,0
517,521.0,6447,0,3672,5143,0,5760,3434,0,0
518,522.0,6368,0,3583,5014,0,5611,3427,0,0
519,523.0,6582,0,3775,5122,0,5729,3433,0,0
520,524.0,6364,0,3588,5213,0,5791,3467,0,0
521,525.0,6340,0,3565,5101,0,5697,3429,0,0
522,526.0,6388,0,3585,5137,0,5674,3442,0,0
523,527.0,6389,0,3681,5148,0,5755,3293,0,0
524,528.0,6408,0,3717,4984,0,5615,3382,0,0
525,529.0,6373,0,3610,4920,0,5510,3305,0,0
526,530.0,6177,0,3539,4849,0,5422,3274,0,0
527,531.0,6165,0,3615,4870,0,5449,3208,0,0
528,532.0,6096,0,3454,4783,0,5357,3259,0,0
529,533.0,6238,0,3538,4949,0,5484,3320,0,0
530,534.0,6165,0,3536,4751,0,5343,3285,0,0
531,535.0,6185,0,3538,5028,0,5642,3337,0,0
532,536.0,6228,0,3616,4950,0,5569,3350,0,0
533,537.0,6308,0,3550,4964,0,5565,3350,0,0
534,538.0,6307,0,3572,5100,0,5646,3391,0,0
535,539.0,6329,0,3583,5021,0,5576,3472,0,0
536,540.0,6332,0,3583,5019,0,5609,3410,0,0
537,541.0,6431,0,3611,5086,0,5713,3307,0,0
538,542.0,6315,0,3632,5016,0,5591,3379,0,0
539,543.0,6414,0,3677,4987,0,5511,3351,0,0
540,544.0,6364,0,3617,5021,0,5627,3418,0,0
541,545.0,6387,0,3579,5020,0,5770,3436,0,0
542,546.0,6423,0,3612,5055,0,5653,3472,0,0
543,547.0,6495,0,3707,5218,0,5783,3418,0,0
544,548.0,6437,0,3656,5217,0,5824,3440,0,0
545,549.0,6642,0,3759,5206,0,5766,3531,0,0
546,550.0,6474,0,3615,5144,0,5738,3486,0,0
547,551.0,6342,0,3581,5042,0,5622,3584,0,0
548,552.0,6508,0,3761,5074,0,5688,3435,0,0
549,553.0,6364,0,3619,4984,0,5605,3408,0,0
550,554.0,6561,0,3744,5118,0,5733,3528,0,0
551,555.0,6648,0,3788,5206,0,5789,3490,0,0
552,556.0,6365,0,3530,5144,0,5712,3515,0,0
553,557.0,6355,0,3657,5155,0,5687,3380,0,0
554,558.0,6491,0,3732,5061,0,5640,3490,0,0
555,559.0,6420,0,3711,5104,0,5707,3407,0,0
556,560.0,6377,0,3662,5157,0,5777,3250,0,0
557,561.0,6425,0,3705,4994,0,5597,3270,0,0
558,562.0,6527,0,3780,5133,0,5721,3354,0,0
559,563.0,6421,0,3536,5249,0,5874,3338,0,0
560,564.0,6413,0,3594,5075,0,5653,3403,0,0
561,565.0,6411,0,3616,5127,0,5745,3376,0,0
562,566.0,6501,0,3657,5177,0,5776,3440,0,0
563,567.0,6649,0,3789,5204,0,5787,3442,0,0
564,568.0,6471,0,3768,5185,0,5793,3412,0,0
565,569.0,6691,0,3753,5216,0,5770,3472,0,0
566,570.0,6662,0,3760,5205,0,5775,3564,0,0
567,571.0,6677,0,3676,5073,0,5685,3541,0,0
568,572.0,6568,0,3706,5174,0,5717,3633,0,0
569,573.0,6655,0,3738,5228,0,5846,3580,0,0
570,574.0,6447,0,3679,5139,0,5707,3498,0,0
571,575.0,6481,0,3633,5098,0,5662,3569,0,0
572,576.0,6645,0,3775,5075,0,5689,3619,0,0
573,577.0,6619,0,3726,5171,0,5761,3657,0,0
574,578.0,6507,0,3627,5238,0,5795,3628,0,0
575,579.0,6578,0,3710,5152,0,5769,3642,0,0
576,580.0,6627,0,3746,5214,0,5780,3797,0,0
577,581.0,6600,0,3720,5122,0,5669,3600,0,0
578,582.0,6644,0,3731,5336,0,5947,3860,0,0
579,583.0,6435,0,3734,5188,0,5746,3639,0,0
580,584.0,6490,0,3736,5204,0,5775,3843,0,0
581,585.0,6558,0,3753,5056,0,5635,3756,0,0
582,586.0,6394,0,3678,5194,0,5809,3781,0,0
583,587.0,6409,0,3646,5074,0,5731,3782,0,0
584,588.0,6381,0,3627,5087,0,5697,3853,0,0
585,590.0,6527,0,3716,5119,0,5725,3698,0,0
586,591.0,6376,0,3609,5002,0,5592,3788,0,0
587,592.0,6391,0,3614,5023,0,5617,3583,0,0
588,593.0,6375,0,3696,5031,0,5605,3521,0,0
589,594.0,6322,0,3539,4978,0,5549,3603,0,0
590,595.0,6269,0,3606,5020,0,5627,3579,0,0
591,596.0,6508,0,3695,5030,0,5611,3580,0,0
592,597.0,6537,0,3715,5081,0,5702,3609,0,0
593,598.0,6221,0,3608,5068,0,5635,3545,0,0
594,599.0,6386,0,3601,5103,0,5704,3555,0,0
595,600.0,6480,0,3652,4999,0,5561,3535,0,0
596,601.0,6346,0,3662,4945,0,5557,3484,0,0
597,602.0,6388,0,3734,5092,0,5659,3425,0,0
598,603.0,6339,0,3612,5031,0,5619,3297,0,0
599,604.0,6202,0,3561,4864,0,5428,3423,0,0
600,605.0,6332,0,3656,5182,0,5781,3295,0,0
601,606.0,6320,0,3582,4788,0,5447,3257,0,0
602,607.0,6172,0,3607,4923,0,5529,3215,0,0
603,608.0,6258,0,3585,4836,0,5421,3211,0,0
604,609.0,6086,0,3475,4784,0,5359,3088,0,0
605,610.0,6071,0,3468,4831,0,5403,3050,0,0
606,611.0,5999,0,3466,4797,0,5315,3044,0,0
607,612.0,6090,0,3610,4834,0,5412,2866,0,0
608,613.0,6033,0,3561,4767,0,5343,3037,0,0
609,614.0,5937,0,3472,4731,0,5360,2892,0,0
610,615.0,6014,0,3429,4704,0,5294,2930,0,0
611,616.0,6101,0,3570,4820,0,5379,3124,0,0
612,617.0,5981,0,3514,4780,0,5361,3156,0,0
613,618.0,6157,0,3515,4856,0,5463,3140,0,0
614,619.0,6170,0,3620,4816,0,5384,3086,0,0
615,620.0,6139,0,3511,4884,0,5449,3192,0,0
616,621.0,6272,0,3645,4821,0,5364,3076,0,0
617,622.0,6178,0,3468,4903,0,5457,3257,0,0
618,623.0,6317,0,3638,4897,0,5473,3260,0,0
619,624.0,6174,0,3587,4927,0,5546,3266,0,0
620,625.0,6080,0,3537,4963,0,5545,3238,0,0
621,626.0,6158,0,3591,5022,0,5643,3199,0,0
622,627.0,6304,0,3682,4830,0,5436,3326,0,0
623,628.0,6299,0,3614,4989,0,5543,3219,0,0
624,629.0,6247,0,3575,4967,0,5549,3241,0,0
625,630.0,6303,0,3525,5008,0,5556,3281,0,0
626,631.0,6375,0,3585,4963,0,5552,3264,0,0
627,632.0,6398,0,3641,5040,0,5597,3283,0,0
628,633.0,6345,0,3538,4953,0,5539,3333,0,0
629,634.0,8003,0,35939,9994,0,233249,7316,0,0
630,635.0,9173,0,57977,12334,0,346979,9957,0,0
631,636.0,6878,0,15005,6342,0,74738,4911,0,0
632,637.0,6689,0,11102,5922,0,52903,4347,0,0
633,638.0,6745,0,13959,6267,0,71332,4694,0,0
634,639.0,6465,0,8421,5535,0,33729,3896,0,0
635,640.0,6864,0,13778,6437,0,73241,4395,0,0
636,641.0,6752,0,11089,5874,0,48388,4243,0,0
637,642.0,6730,0,10846,5836,0,51818,4186,0,0
638,643.0,6823,0,10110,6037,0,52701,4218,0,0
639,644.0,6749,0,7632,5778,0,35815,3948,0,0
640,645.0,6520,0,3736,5295,0,5956,3564,0,0
641,646.0,6516,0,3667,5053,0,5905,3510,0,0
642,647.0,6605,0,3729,5113,0,5830,3498,0,0
643,648.0,6487,0,3625,5135,0,5790,3495,0,0
644,649.0,6671,0,3828,5220,0,5970,3570,0,0
645,650.0,6603,0,3817,5017,0,5660,3513,0,0
646,651.0,6671,0,3743,5174,0,5793,3589,0,0
647,652.0,6731,0,3856,5367,0,5989,3577,0,0
648,653.0,6727,0,3793,5298,0,5883,3655,0,0
649,654.0,6647,0,3745,5214,0,5784,3678,0,0
650,655.0,6841,0,3935,5145,0,5725,3637,0,0
651,656.0,6862,0,3873,5338,0,5945,3799,0,0
652,657.0,6861,0,3842,5421,0,6036,3747,0,0
653,658.0,6880,0,3795,5284,0,5938,3912,0,0
654,659.0,6800,0,3773,5282,0,5889,3657,0,0
655,660.0,6755,0,4149,5349,0,5930,3786,0,0
656,661.0,6785,0,4210,5366,0,5959,3791,0,0
657,662.0,6693,0,4180,5209,0,5849,3761,0,0
658,663.0,6841,0,4278,5406,0,5968,3612,0,0
659,664.0,6657,0,4295,5237,0,5851,3672,0,0
660,665.0,6599,0,4179,5263,0,5854,3685,0,0
661,666.0,6798,0,4195,5242,0,5809,3736,0,0
662,667.0,6544,0,4038,5091,0,5698,3666,0,0
663,668.0,6720,0,4057,5189,0,5759,3485,0,0
664,669.0,8376,0,37980,11562,0,311221,9377,0,0
665,670.0,7005,0,13430,6835,0,89968,5067,0,0
666,671.0,7042,0,15520,6831,0,94116,5135,0,0
667,672.0,6822,0,10094,5975,0,48644,4345,0,0
668,673.0,6882,0,9938,5991,0,47758,4301,0,0
669,674.0,6798,0,7130,5671,0,38176,3999,0,0
670,675.0,6637,0,6749,6012,0,42779,3973,0,0
671,676.0,6726,0,7296,6190,0,49549,4317,0,0
672,677.0,6644,0,8942,6072,0,55833,4389,0,0
673,678.0,6670,0,6868,5930,0,45794,4035,0,0
674,679.0,6766,0,8066,6060,0,50894,4201,0,0
675,680.0,6739,0,8410,6051,0,55423,4118,0,0
676,681.0,6480,0,3628,5129,0,5698,3574,0,0
677,682.0,6722,0,3672,5142,0,5725,3679,0,0
678,683.0,6639,0,3655,5230,0,5865,3545,0,0
679,684.0,6532,0,3696,5205,0,5816,3568,0,0
680,685.0,6528,0,3651,5119,0,5752,3558,0,0
681,686.0,6585,0,3620,5085,0,5710,3651,0,0
682,687.0,6650,0,3686,5169,0,5785,3631,0,0
683,688.0,6516,0,3657,5308,0,5881,3587,0,0
684,689.0,6541,0,3690,5186,0,5797,3625,0,0
685,690.0,6484,0,3658,5094,0,5734,3518,0,0
686,691.0,6598,0,3638,5219,0,5834,3525,0,0
687,692.0,6468,0,3655,4993,0,5613,3504,0,0
688,693.0,6457,0,3691,5145,0,5734,3639,0,0
689,694.0,6528,0,3702,5193,0,5807,3504,0,0
690,695.0,6516,0,3674,5046,0,5644,3491,0,0
691,696.0,6493,0,3572,5079,0,5647,3341,0,0
692,697.0,6325,0,3551,5115,0,5741,3360,0,0
693,698.0,6442,0,3581,5239,0,5824,3559,0,0
694,699.0,6632,0,3731,5201,0,5808,3458,0,0
695,700.0,6606,0,3701,5247,0,5867,3505,0,0
696,701.0,6712,0,3724,5285,0,5886,3627,0,0
697,702.0,6773,0,3876,5301,0,5947,3676,0,0
698,703.0,6730,0,3768,5241,0,5840,3570,0,0
699,704.0,6598,0,3656,5162,0,5792,3578,0,0
700,705.0,6647,0,3671,5121,0,5739,3678,0,0
701,706.0,6519,0,3671,5347,0,5976,3594,0,0
702,707.0,6812,0,3815,5310,0,5996,3650,0,0
703,708.0,6798,0,3801,5291,0,5862,3685,0,0
704,709.0,6745,0,3678,5250,0,5868,3594,0,0
705,710.0,6638,0,3684,5317,0,5890,3670,0,0
706,711.0,6767,0,3751,5232,0,5879,3578,0,0
707,712.0,6679,0,3740,5336,0,6008,3571,0,0
708,713.0,6535,0,3630,5196,0,5818,3567,0,0
709,714.0,6802,0,3796,5315,0,5922,3719,0,0
710,715.0,6626,0,3729,5209,0,5809,3620,0,0
711,716.0,6605,0,3680,5245,0,5913,3514,0,0
712,717.0,6497,0,3646,5125,0,5724,3519,0,0
713,718.0,6578,0,3705,5162,0,5758,3558,0,0
714,719.0,6619,0,3766,5317,0,5937,3540,0,0
715,720.0,6444,0,3626,5138,0,5792,3642,0,0
716,721.0,6565,0,3645,5269,0,5888,3543,0,0
717,722.0,6467,0,3592,5189,0,5821,3534,0,0
718,723.0,6470,0,3579,5135,0,5762,3415,0,0
719,724.0,6464,0,3515,5106,0,5713,3650,0,0
720,725.0,6570,0,3659,5146,0,5723,3567,0,0
721,726.0,6647,0,3702,5071,0,5645,3629,0,0
722,727.0,6489,0,3637,5198,0,5722,3586,0,0
723,728.0,6667,0,3770,5167,0,5771,3515,0,0
724,729.0,6343,0,3571,5188,0,5806,3539,0,0
725,730.0,6593,0,3744,5129,0,5709,3484,0,0
726,732.0,6646,0,3727,5229,0,5809,3512,0,0
727,733.0,6556,0,3650,5131,0,5722,3454,0,0
728,734.0,6585,0,3629,5176,0,5744,3489,0,0
729,735.0,6465,0,3584,4988,0,5549,3492,0,0
730,736.0,6557,0,3627,5199,0,5799,3566,0,0
731,737.0,6512,0,3630,5115,0,5716,3581,0,0
732,738.0,6599,0,3635,5250,0,5804,3634,0,0
733,739.0,6574,0,3725,5097,0,5636,3592,0,0
734,740.0,6621,0,3619,5134,0,5721,3594,0,0
735,741.0,6434,0,3568,5349,0,5943,3605,0,0
736,742.0,6585,0,3659,5239,0,5784,3651,0,0
737,743.0,6573,0,3647,5174,0,5729,3754,0,0
738,744.0,6553,0,3709,5229,0,5816,3659,0,0
739,745.0,6592,0,3746,5261,0,5830,3693,0,0
740,746.0,6509,0,3652,5123,0,5705,3617,0,0
741,747.0,6743,0,3776,5158,0,5761,3625,0,0
742,748.0,6602,0,3625,5274,0,5893,3848,0,0
743,749.0,6594,0,3670,5173,0,5699,3672,0,0
744,750.0,6710,0,3749,5278,0,5842,3630,0,0
745,751.0,6723,0,3674,5236,0,5820,3625,0,0
746,752.0,6567,0,3757,5112,0,5674,3532,0,0
747,753.0,6629,0,3640,5261,0,5834,3662,0,0
748,754.0,6562,0,3682,5201,0,5758,3671,0,0
749,755.0,6621,0,3639,5281,0,5871,3650,0,0
750,756.0,6543,0,3685,5201,0,5794,3696,0,0
751,757.0,6388,0,3593,5152,0,5766,3699,0,0
752,758.0,6482,0,3574,5124,0,5671,3558,0,0
753,759.0,6400,0,3682,5160,0,5730,3573,0,0
754,760.0,6431,0,3574,5100,0,5655,3555,0,0
755,761.0,6594,0,3638,5112,0,5721,3586,0,0
756,762.0,6418,0,3587,5113,0,5729,3580,0,0
757,763.0,6545,0,3720,5111,0,5728,3549,0,0
758,764.0,6512,0,3643,5109,0,5722,3547,0,0
759,765.0,6576,0,3642,5167,0,5771,3568,0,0
760,766.0,6366,0,3594,5121,0,5703,3390,0,0
761,767.0,6402,0,3543,5274,0,5878,3468,0,0
762,768.0,6540,0,3696,5173,0,5724,3469,0,0
763,769.0,6550,0,3650,5055,0,5615,3369,0,0
764,770.0,6574,0,3714,5050,0,5635,3439,0,0
765,771.0,6393,0,3604,5028,0,5608,3459,0,0
766,772.0,6489,0,3701,5189,0,5789,3434,0,0
767,773.0,6504,0,3624,5119,0,5687,3424,0,0
768,774.0,6488,0,3676,5130,0,5755,3462,0,0
769,775.0,6679,0,3732,5075,0,5613,3623,0,0
770,776.0,6614,0,3683,5316,0,5892,3476,0,0
771,777.0,6672,0,3753,5251,0,5821,3594,0,0
772,778.0,6522,0,3615,5247,0,5825,3507,0,0
773,779.0,6656,0,3754,5196,0,5778,3534,0,0
774,780.0,6714,0,3663,5181,0,5795,3643,0,0
775,781.0,6697,0,3752,5396,0,5973,3694,0,0
776,782.0,6674,0,3751,5122,0,5709,3622,0,0
777,783.0,6548,0,3662,5353,0,5891,3730,0,0
778,784.0,6641,0,3683,5230,0,5823,3568,0,0
779,785.0,6677,0,3752,5182,0,5739,3532,0,0
780,786.0,6589,0,3667,5198,0,5822,3465,0,0
781,787.0,6725,0,3746,5181,0,5759,3586,0,0
782,788.0,6716,0,3766,5328,0,5898,3546,0,0
783,789.0,6714,0,3678,5158,0,5725,3569,0,0
784,790.0,6684,0,3710,5065,0,5684,3599,0,0
785,791.0,6583,0,3677,5314,0,5918,3537,0,0
786,792.0,6450,0,3621,5195,0,5813,3387,0,0
787,793.0,6502,0,3665,5180,0,5727,3301,0,0
788,794.0,6568,0,3661,5015,0,5618,3333,0,0
789,795.0,6489,0,3650,5040,0,5649,3295,0,0
790,796.0,6569,0,3600,4899,0,5556,3365,0,0
791,797.0,6451,0,3584,5069,0,5704,3297,0,0
792,798.0,6362,0,3585,5090,0,5736,3410,0,0
793,799.0,6186,0,3438,5023,0,5663,3337,0,0
794,800.0,6452,0,3746,5070,0,5682,3282,0,0
795,801.0,6295,0,3588,5008,0,5626,3369,0,0
796,802.0,6408,0,3634,4896,0,5535,3297,0,0
797,803.0,6388,0,3530,5161,0,5815,3172,0,0
798,804.0,6405,0,3592,5085,0,5685,3207,0,0
799,805.0,6434,0,3568,5073,0,5698,3340,0,0
800,806.0,6444,0,3614,5115,0,5749,3413,0,0
801,807.0,6421,0,3589,5183,0,5820,3261,0,0
802,808.0,6495,0,3699,5252,0,5862,3325,0,0
803,809.0,6383,0,3545,5086,0,5694,3249,0,0
804,810.0,6197,0,3474,5158,0,5762,3460,0,0
805,811.0,6509,0,3634,5109,0,5707,3363,0,0
806,812.0,6513,0,3599,5125,0,5749,3288,0,0
807,813.0,6570,0,3648,5171,0,5807,3487,0,0
808,814.0,6517,0,3606,5174,0,5797,3550,0,0
809,815.0,6648,0,3783,5211,0,5834,3511,0,0
810,816.0,6663,0,3650,5211,0,5777,3495,0,0
811,817.0,6589,0,3702,5218,0,5812,3502,0,0
812,818.0,6552,0,3610,5122,0,5698,3505,0,0
813,819.0,6565,0,3677,5149,0,5724,3565,0,0
814,820.0,6591,0,3684,5242,0,5832,3638,0,0
815,821.0,6617,0,3761,5136,0,5713,3449,0,0
816,822.0,6601,0,3639,5212,0,5817,3485,0,0
817,823.0,6501,0,3669,5226,0,5795,3554,0,0
818,824.0,6434,0,3530,5143,0,5692,3418,0,0
819,825.0,6501,0,3637,5159,0,5735,3295,0,0
820,826.0,6496,0,3587,5158,0,5747,3427,0,0
821,827.0,6632,0,3747,5166,0,5781,3310,0,0
822,828.0,6527,0,3649,5135,0,5680,3330,0,0
823,829.0,6394,0,3496,5156,0,5735,3391,0,0
824,830.0,6478,0,3617,5045,0,5611,3246,0,0
825,831.0,6472,0,3557,5030,0,5612,3291,0,0
826,832.0,6473,0,3515,5103,0,5690,3302,0,0
827,833.0,6386,0,3541,5003,0,5606,3312,0,0
828,834.0,6416,0,3617,5186,0,5775,3303,0,0
829,835.0,6371,0,3587,5199,0,5779,3276,0,0
830,836.0,6238,0,3492,5211,0,5820,3259,0,0
831,837.0,6247,0,3414,5032,0,5649,3166,0,0
832,838.0,6186,0,3461,4943,0,5585,3086,0,0
833,839.0,6215,0,3442,4753,0,5375,2928,0,0
834,840.0,5978,0,3388,4816,0,5448,2872,0,0
835,841.0,6121,0,3519,4813,0,5470,2787,0,0
836,842.0,6003,0,3309,4650,0,5379,2695,0,0
837,843.0,6045,0,3396,4735,0,5366,2742,0,0
838,844.0,5974,0,3403,4784,0,5501,2822,0,0
839,845.0,6068,0,3445,4817,0,5531,2903,0,0
840,846.0,6000,0,3452,4746,0,5432,2769,0,0
841,847.0,5984,0,3434,4739,0,5499,2730,0,0
842,848.0,6049,0,3504,4672,0,5404,2676,0,0
843,849.0,5956,0,3428,4697,0,5438,2802,0,0
844,850.0,6032,0,3421,4932,0,5638,2937,0,0
845,851.0,6264,0,3595,4877,0,5545,3100,0,0
846,852.0,6073,0,3421,4884,0,5545,3013,0,0
847,853.0,6300,0,3526,5060,0,5725,3143,0,0
848,854.0,6166,0,3441,5018,0,5639,3103,0,0
849,855.0,6379,0,3562,4954,0,5580,3134,0,0
850,856.0,6107,0,3347,4985,0,5657,3116,0,0
851,857.0,6329,0,3516,4897,0,5516,3113,0,0
852,858.0,6192,0,3432,4952,0,5559,3178,0,0
853,859.0,6387,0,3539,4959,0,5581,3219,0,0
854,860.0,6290,0,3430,4971,0,5623,3183,0,0
855,862.0,6432,0,3584,5064,0,5693,3233,0,0
856,863.0,6323,0,3545,4962,0,5621,3281,0,0
857,864.0,6523,0,3665,5019,0,5651,3358,0,0
858,865.0,6410,0,3543,5051,0,5631,3357,0,0
859,866.0,6511,0,3610,5011,0,5580,3532,0,0
860,867.0,6455,0,3615,5137,0,5745,3401,0,0
861,868.0,6445,0,3555,4971,0,5525,3495,0,0
862,869.0,6522,0,3651,5102,0,5683,3487,0,0
863,870.0,6531,0,3641,5148,0,5771,3443,0,0
864,871.0,6420,0,3600,5064,0,5657,3431,0,0
865,872.0,6433,0,3530,5080,0,5672,3457,0,0
866,873.0,6370,0,3578,5094,0,5654,3431,0,0
867,874.0,6472,0,3638,5051,0,5654,3504,0,0
868,875.0,6409,0,3504,5084,0,5730,3386,0,0
869,876.0,6474,0,3561,5071,0,5670,3571,0,0
870,877.0,6487,0,3629,4994,0,5604,3443,0,0
871,878.0,6301,0,3526,5112,0,5695,3545,0,0
872,879.0,6441,0,3630,5044,0,5649,3478,0,0
873,880.0,6431,0,3599,4953,0,5526,3345,0,0
874,881.0,6567,0,3687,5086,0,5688,3497,0,0
875,882.0,6288,0,3527,5053,0,5636,3443,0,0
876,883.0,6505,0,3747,5035,0,5660,3355,0,0
877,884.0,6449,0,3577,5015,0,5610,3344,0,0
878,885.0,6460,0,3616,4997,0,5614,3465,0,0
879,886.0,6374,0,3632,5075,0,5645,3474,0,0
880,887.0,6412,0,3622,5083,0,5664,3489,0,0
881,888.0,6501,0,3687,5241,0,5802,3519,0,0
882,889.0,6590,0,3594,5256,0,5873,3647,0,0
883,890.0,6577,0,3711,5232,0,5824,3795,0,0
884,891.0,6686,0,3725,5027,0,5671,3716,0,0
885,892.0,6472,0,3559,5221,0,5770,3608,0,0
886,893.0,6484,0,3645,5280,0,5879,3635,0,0
887,894.0,6648,0,3701,5171,0,5752,3692,0,0
888,895.0,6530,0,3638,5201,0,5763,3690,0,0
889,896.0,6537,0,3669,5222,0,5823,3627,0,0
890,897.0,6552,0,3694,5185,0,5770,3536,0,0
891,898.0,6415,0,3603,5346,0,5910,3728,0,0
892,899.0,6576,0,3688,5321,0,5930,3657,0,0
893,900.0,6494,0,3647,5234,0,5855,3706,0,0
894,901.0,6547,0,3677,5418,0,6002,3764,0,0
895,902.0,6767,0,3753,5233,0,5845,3804,0,0
896,903.0,6617,0,3668,5152,0,5726,3658,0,0
897,904.0,6595,0,3728,5210,0,5775,3747,0,0
898,905.0,6584,0,3666,5322,0,5918,3798,0,0
899,906.0,6800,0,3774,5033,0,5665,3698,0,0
900,907.0,6588,0,3730,5214,0,5777,3645,0,0
901,908.0,6581,0,3656,5243,0,5829,3618,0,0
902,909.0,6589,0,3601,5290,0,5858,3559,0,0
903,910.0,6490,0,3630,5306,0,5877,3600,0,0
904,911.0,6700,0,3717,5271,0,5838,3670,0,0
905,912.0,6570,0,3643,5316,0,5932,3624,0,0
906,913.0,6698,0,3747,5084,0,5682,3606,0,0
907,914.0,6573,0,3712,5187,0,5819,3648,0,0
908,915.0,6495,0,3649,5370,0,6019,3584,0,0
909,916.0,6533,0,3634,5132,0,5744,3382,0,0
910,917.0,6666,0,3745,5077,0,5676,3404,0,0
911,918.0,6658,0,3721,5311,0,5896,3448,0,0
912,919.0,6493,0,3616,5103,0,5700,3401,0,0
913,920.0,6488,0,3589,5050,0,5609,3488,0,0
914,921.0,6463,0,3618,5020,0,5651,3491,0,0
915,922.0,6535,0,3629,5151,0,5755,3591,0,0
916,923.0,6368,0,3527,4998,0,5612,3301,0,0
917,924.0,6493,0,3615,5156,0,5811,3353,0,0
918,925.0,6478,0,3585,5024,0,5683,3407,0,0
919,926.0,6423,0,3642,5015,0,5638,3476,0,0
920,927.0,6382,0,3614,4985,0,5648,3271,0,0
921,928.0,6260,0,3509,5112,0,5800,3319,0,0
922,929.0,6478,0,3605,5094,0,5723,3467,0,0
923,930.0,6517,0,3644,5092,0,5799,3472,0,0
924,931.0,6454,0,3614,5208,0,5829,3480,0,0
925,932.0,6572,0,3701,5083,0,5703,3509,0,0
926,933.0,6634,0,3690,5305,0,5949,3470,0,0
927,934.0,6553,0,3721,5259,0,5846,3492,0,0
928,935.0,6512,0,3665,5177,0,5817,3460,0,0
929,936.0,6583,0,3758,5175,0,5820,3504,0,0
930,937.0,6603,0,3816,5062,0,5708,3506,0,0
931,938.0,6658,0,3824,5337,0,5942,3518,0,0
932,939.0,6655,0,3682,5262,0,5845,3562,0,0
933,940.0,6675,0,3727,5143,0,5740,3568,0,0
934,941.0,6725,0,3774,5180,0,5798,3602,0,0
935,942.0,6537,0,3575,5094,0,5687,3504,0,0
936,943.0,6645,0,3705,5315,0,5958,3563,0,0
937,944.0,6409,0,3573,5163,0,5752,3561,0,0
938,945.0,6632,0,3694,5127,0,5675,3423,0,0
939,946.0,6500,0,3646,5127,0,5698,3480,0,0
940,947.0,6463,0,3635,5187,0,5786,3413,0,0
941,948.0,6644,0,3715,5040,0,5598,3437,0,0
942,949.0,6538,0,3680,5073,0,5667,3430,0,0
943,950.0,6393,0,3572,5098,0,5734,3493,0,0
944,951.0,6597,0,3672,5144,0,5789,3483,0,0
945,952.0,6534,0,3710,5133,0,5791,3386,0,0
946,953.0,6682,0,3829,5195,0,5825,3553,0,0
947,954.0,6397,0,3550,5166,0,5807,3489,0,0
948,955.0,6409,0,3516,5062,0,5679,3472,0,0
949,956.0,6462,0,3653,5201,0,5818,3514,0,0
950,957.0,6399,0,3588,5182,0,5785,3364,0,0
951,958.0,6522,0,3599,5128,0,5751,3493,0,0
952,959.0,6448,0,3613,5038,0,5634,3341,0,0
953,960.0,6574,0,3714,5073,0,5691,3448,0,0
954,961.0,6499,0,3622,5112,0,5744,3512,0,0
955,962.0,6472,0,3552,5084,0,5647,3457,0,0
956,963.0,6478,0,3671,5222,0,5817,3367,0,0
957,964.0,6490,0,3676,5042,0,5661,3398,0,0
958,965.0,6480,0,3641,5182,0,5782,3348,0,0
959,966.0,6632,0,3699,5309,0,5910,3445,0,0
960,967.0,6521,0,3570,5120,0,5733,3474,0,0
961,968.0,6561,0,3644,5168,0,5744,3461,0,0
962,969.0,6441,0,3487,5089,0,5659,3408,0,0
963,970.0,6463,0,3593,5256,0,5876,3486,0,0
964,971.0,6523,0,3690,5076,0,5672,3420,0,0
965,972.0,6451,0,3526,5244,0,5794,3482,0,0
966,973.0,6418,0,3552,5046,0,5637,3437,0,0
967,974.0,6604,0,3684,5131,0,5732,3455,0,0
968,975.0,6570,0,3683,5076,0,5679,3395,0,0
969,976.0,6583,0,3713,5044,0,5627,3414,0,0
970,977.0,6532,0,3609,5068,0,5625,3314,0,0
971,978.0,6435,0,3521,5215,0,5800,3410,0,0
972,979.0,6648,0,3638,5083,0,5663,3473,0,0
973,980.0,6691,0,3718,5075,0,5685,3397,0,0
974,981.0,6474,0,3628,5156,0,5745,3440,0,0
975,982.0,6519,0,3668,5068,0,5635,3488,0,0
976,983.0,6510,0,3674,5127,0,5724,3455,0,0
977,984.0,6489,0,3642,4983,0,5579,3420,0,0
978,985.0,6384,0,3621,5061,0,5644,3434,0,0
979,986.0,6411,0,3590,5131,0,5707,3447,0,0
980,987.0,6461,0,3545,5194,0,5743,3393,0,0
981,988.0,6432,0,3652,5086,0,5723,3424,0,0
982,990.0,6609,0,3648,5118,0,5748,3516,0,0
983,991.0,6560,0,3655,5209,0,5810,3409,0,0
984,992.0,6578,0,3684,5238,0,5836,3397,0,0
985,993.0,6612,0,3608,5245,0,5837,3480,0,0
986,994.0,6405,0,3604,5172,0,5783,3567,0,0
987,995.0,6689,0,3725,5164,0,5781,3469,0,0
988,996.0,6666,0,3692,5286,0,5871,3547,0,0
989,997.0,6495,0,3581,5268,0,5842,3507,0,0
990,998.0,6427,0,3515,5241,0,5771,3589,0,0
991,999.0,6548,0,3647,5168,0,5753,3557,0,0
992,1000.0,6642,0,3753,5173,0,5799,3582,0,0
993,1001.0,6595,0,3662,5271,0,5822,3555,0,0
994,1002.0,6469,0,3664,5152,0,5779,3449,0,0
995,1003.0,6558,0,3615,5131,0,5712,3452,0,0
996,1004.0,6511,0,3598,5096,0,5672,3337,0,0
997,1005.0,6272,0,3468,5066,0,5634,3206,0,0
998,1006.0,6275,0,3666,4951,0,5520,3016,0,0
999,1007.0,6418,0,3694,4932,0,5553,2952,0,0
1000,1008.0,6299,0,3435,4926,0,5542,3051,0,0
1001,1009.0,6282,0,3519,4853,0,5493,3033,0,0
1002,1010.0,6250,0,3477,4798,0,5434,3026,0,0
1003,1011.0,6289,0,3526,5004,0,5665,3073,0,0
1004,1012.0,6176,0,3451,4960,0,5617,2997,0,0
1005,1013.0,6295,0,3654,5073,0,5706,3204,0,0
1006,1014.0,6270,0,3522,5127,0,5774,3221,0,0
1007,1015.0,6520,0,3616,5129,0,5729,3283,0,0
1008,1016.0,6566,0,3659,5028,0,5612,3463,0,0
1009,1017.0,6435,0,3612,5133,0,5743,3280,0,0
1010,1018.0,6604,0,3768,5026,0,5639,3373,0,0
1011,1019.0,6389,0,3617,5143,0,5750,3402,0,0
1012,1020.0,6562,0,3601,5160,0,5751,3460,0,0
1013,1021.0,6532,0,3693,5214,0,5791,3370,0,0
1014,1022.0,6421,0,3543,5185,0,5788,3326,0,0
1015,1023.0,6492,0,3650,4936,0,5525,3372,0,0
1016,1024.0,6431,0,3534,5032,0,5618,3367,0,0
1017,1025.0,6266,0,3513,4868,0,5451,3200,0,0
1018,1026.0,6469,0,3546,5259,0,5842,3358,0,0
1019,1027.0,6438,0,3552,5016,0,5630,3408,0,0
1020,1028.0,6580,0,3655,5213,0,5792,3440,0,0
1021,1029.0,6380,0,3568,5143,0,5725,3370,0,0
1022,1030.0,6552,0,3665,5154,0,5737,3448,0,0
1023,1031.0,6407,0,3533,5177,0,5780,3482,0,0
1024,1032.0,6546,0,3619,5103,0,5659,3488,0,0
1025,1033.0,6640,0,3798,5198,0,5773,3335,0,0
1026,1034.0,6612,0,3650,5093,0,5718,3471,0,0
1027,1035.0,6583,0,3795,5218,0,5824,3478,0,0
1028,1036.0,6526,0,3640,4999,0,5580,3389,0,0
1029,1037.0,6468,0,3654,5109,0,5744,3428,0,0
1030,1038.0,6352,0,3546,5117,0,5731,3251,0,0
1031,1039.0,6376,0,3638,5027,0,5628,3401,0,0
1032,1040.0,6484,0,3559,5132,0,5708,3380,0,0
1033,1041.0,6377,0,3566,5119,0,5771,3469,0,0
1034,1042.0,6582,0,3663,4975,0,5564,3446,0,0
1035,1043.0,6510,0,3607,5293,0,5883,3503,0,0
1036,1044.0,6466,0,3645,5138,0,5747,3421,0,0
1037,1045.0,6630,0,3611,5111,0,5721,3384,0,0
1038,1046.0,6582,0,3681,5116,0,5760,3434,0,0
1039,1047.0,6563,0,3658,5200,0,5762,3399,0,0
1040,1048.0,6454,0,3590,5210,0,5902,3355,0,0
1041,1049.0,6542,0,3627,5136,0,5748,3350,0,0
1042,1050.0,6472,0,3663,5192,0,5791,3349,0,0
1043,1051.0,6419,0,3576,5126,0,5767,3458,0,0
1044,1052.0,6495,0,3563,5182,0,5824,3516,0,0
1045,1053.0,6467,0,3628,5228,0,5867,3382,0,0
1046,1054.0,6543,0,3667,5058,0,5677,3352,0,0
1047,1055.0,6259,0,3523,5139,0,5837,3186,0,0
1048,1056.0,6590,0,3640,5106,0,5704,3383,0,0
1049,1057.0,6601,0,3729,5201,0,5829,3286,0,0
1050,1058.0,6422,0,3669,5106,0,5794,3231,0,0
1051,1059.0,6286,0,3531,5105,0,5749,3330,0,0
1052,1060.0,6493,0,3626,5071,0,5743,3167,0,0
1053,1061.0,6452,0,3656,5049,0,5711,3172,0,0
1054,1062.0,6410,0,3623,4994,0,5664,3237,0,0
1055,1063.0,6175,0,3532,5056,0,5743,3294,0,0
1056,1064.0,6487,0,3690,4944,0,5605,3230,0,0
1057,1065.0,6416,0,3558,5019,0,5634,3250,0,0
1058,1066.0,6382,0,3569,5004,0,5656,3339,0,0
1059,1067.0,6461,0,3586,4968,0,5590,3248,0,0
1060,1068.0,6463,0,3606,4950,0,5598,3206,0,0
1061,1069.0,6411,0,3601,5109,0,5754,3058,0,0
1062,1070.0,6301,0,3519,5042,0,5683,3134,0,0
1063,1071.0,6324,0,3534,5027,0,5649,3080,0,0
1064,1072.0,6201,0,3593,4883,0,5476,2882,0,0
1065,1073.0,6084,0,3422,4908,0,5542,2983,0,0
1066,1074.0,6202,0,3459,4910,0,5571,2933,0,0
1067,1075.0,6086,0,3479,4822,0,5455,2928,0,0
1068,1076.0,6068,0,3433,4892,0,5586,2882,0,0
1069,1077.0,6245,0,3513,4791,0,5463,2876,0,0
1070,1078.0,6096,0,3440,4902,0,5568,2838,0,0
1071,1079.0,6214,0,3481,4775,0,5481,2812,0,0
1072,1080.0,6062,0,3439,4709,0,5421,2844,0,0
1073,1081.0,6136,0,3472,4819,0,5487,2810,0,0
1074,1082.0,6260,0,3492,4814,0,5474,2932,0,0
1075,1083.0,6133,0,3489,4830,0,5467,3176,0,0
1076,1084.0,6349,0,3577,4954,0,5596,3107,0,0
1077,1085.0,6365,0,3637,4978,0,5625,3305,0,0
1078,1086.0,6512,0,3497,5106,0,5726,3141,0,0
1079,1087.0,6389,0,3614,4939,0,5568,3187,0,0
1080,1088.0,6276,0,3498,4998,0,5630,3121,0,0
1081,1089.0,6388,0,3587,4899,0,5530,3163,0,0
1082,1090.0,6395,0,3558,5044,0,5643,3189,0,0
1083,1091.0,6336,0,3592,5021,0,5685,3359,0,0
1084,1092.0,6292,0,3582,5068,0,5748,3393,0,0
1085,1093.0,6570,0,3548,5160,0,5802,3229,0,0
1086,1094.0,6354,0,3581,5073,0,5680,3385,0,0
1087,1095.0,6372,0,3545,5157,0,5754,3342,0,0
1088,1096.0,6353,0,3532,4997,0,5575,3290,0,0
1089,1097.0,6394,0,3539,5006,0,5607,3252,0,0
1090,1098.0,6446,0,3630,5219,0,5851,3343,0,0
1091,1099.0,6501,0,3602,5185,0,5803,3436,0,0
1092,1100.0,6482,0,3624,5069,0,5695,3462,0,0
1093,1101.0,6459,0,3631,5118,0,5730,3415,0,0
1094,1102.0,6460,0,3623,5219,0,5836,3396,0,0
1095,1103.0,6373,0,3574,5081,0,5686,3394,0,0
1096,1104.0,6571,0,3605,5186,0,5826,3475,0,0
1097,1105.0,6445,0,3588,5232,0,5809,3524,0,0
1098,1106.0,6533,0,3638,5074,0,5662,3387,0,0
1099,1107.0,6492,0,3599,5084,0,5710,3407,0,0
1100,1108.0,6541,0,3740,5247,0,5889,3423,0,0
1101,1109.0,6639,0,3674,5307,0,5915,3561,0,0
1102,1110.0,6464,0,3632,5210,0,5825,3459,0,0
1103,1111.0,6552,0,3663,5165,0,5781,3605,0,0
1104,1112.0,6678,0,3700,5214,0,5783,3634,0,0
1105,1113.0,6676,0,3815,5276,0,5868,3721,0,0
1106,1114.0,6657,0,3655,5420,0,6024,3514,0,0
1107,1115.0,6607,0,3731,5273,0,5899,3698,0,0
1108,1116.0,6696,0,3827,5248,0,5835,3714,0,0
1109,1117.0,6590,0,3636,5236,0,5873,3686,0,0
1110,1118.0,6590,0,3742,5346,0,5914,3542,0,0
1111,1119.0,6611,0,3684,5270,0,5834,3557,0,0
1112,1120.0,6761,0,3773,5238,0,5777,3791,0,0
1113,1121.0,6614,0,3650,5365,0,5937,3721,0,0
1114,1122.0,6465,0,3563,5295,0,5932,3601,0,0
1115,1123.0,6718,0,3748,5168,0,5765,3724,0,0
1116,1124.0,6752,0,3710,5304,0,5896,3685,0,0
1117,1126.0,6694,0,3708,5169,0,5746,3640,0,0
1118,1126.0,6667,0,3668,5271,0,5862,3659,0,0
1119,1127.0,6726,0,3738,5319,0,5900,3648,0,0
1120,1129.0,6390,0,3545,5302,0,5885,3624,0,0
1121,1130.0,6547,0,3651,5101,0,5695,3605,0,0
1122,1131.0,6504,0,3565,5172,0,5793,3553,0,0
1123,1132.0,6554,0,3605,5241,0,5824,3563,0,0
1124,1133.0,6575,0,3679,5105,0,5682,3401,0,0
1125,1134.0,6540,0,3639,5048,0,5661,3432,0,0
1126,1135.0,6378,0,3555,5047,0,5652,3367,0,0
1127,1136.0,6392,0,3539,5032,0,5610,3494,0,0
1128,1137.0,6495,0,3645,5085,0,5625,3509,0,0
1129,1138.0,6485,0,3553,5133,0,5746,3420,0,0
1130,1139.0,6426,0,3566,5221,0,5798,3360,0,0
1131,1140.0,6417,0,3515,5090,0,5662,3408,0,0
1132,1141.0,6570,0,3681,5106,0,5707,3302,0,0
1133,1142.0,6228,0,3430,4947,0,5546,3373,0,0
1134,1143.0,6510,0,3670,5075,0,5672,3365,0,0
1135,1144.0,6324,0,3590,5087,0,5686,3287,0,0
1136,1145.0,6375,0,3561,5103,0,5773,3242,0,0
1137,1146.0,6298,0,3598,5053,0,5669,3330,0,0
1138,1147.0,6493,0,3658,5067,0,5684,3365,0,0
1139,1148.0,6380,0,3560,4983,0,5604,3318,0,0
1140,1149.0,6322,0,3549,5095,0,5667,3365,0,0
1141,1150.0,6593,0,3591,5157,0,5760,3343,0,0
1142,1151.0,6477,0,3565,5088,0,5706,3388,0,0
1143,1152.0,6458,0,3630,5027,0,5578,3259,0,0
1144,1153.0,6388,0,3517,5052,0,5663,3330,0,0
1145,1154.0,6604,0,3679,5114,0,5748,3418,0,0
1146,1155.0,6625,0,3603,5350,0,5952,3391,0,0
1147,1156.0,6460,0,3588,5187,0,5762,3380,0,0
1148,1157.0,6498,0,3687,5245,0,5862,3411,0,0
1149,1158.0,6667,0,3663,5219,0,5818,3555,0,0
1150,1159.0,6551,0,3686,5112,0,5746,3356,0,0
1151,1160.0,6484,0,3578,5134,0,5762,3510,0,0
1152,1161.0,6539,0,3611,5184,0,5811,3520,0,0
1153,1162.0,6644,0,3674,5123,0,5731,3557,0,0
1154,1163.0,6427,0,3624,5230,0,5893,3505,0,0
1155,1164.0,6438,0,3570,5185,0,5800,3581,0,0
1156,1165.0,6565,0,3649,5234,0,5834,3422,0,0
1157,1166.0,6571,0,3714,5209,0,5769,3543,0,0
1158,1167.0,6547,0,3670,5226,0,5836,3466,0,0
1159,1168.0,6756,0,3703,5144,0,5731,3556,0,0
1160,1169.0,6713,0,3812,5108,0,5669,3486,0,0
1161,1170.0,6580,0,3634,5186,0,5811,3592,0,0
1162,1171.0,6622,0,3750,5280,0,5842,3569,0,0
1163,1172.0,6720,0,3744,5161,0,5756,3548,0,0
1164,1173.0,6616,0,3779,5203,0,5778,3538,0,0
1165,1174.0,6507,0,3574,5149,0,5705,3388,0,0
1166,1175.0,6643,0,3633,5057,0,5614,3511,0,0
1167,1176.0,6465,0,3621,4959,0,5563,3384,0,0
1168,1177.0,6558,0,3659,5102,0,5695,3392,0,0
1169,1178.0,6432,0,3596,4996,0,5597,3397,0,0
1170,1179.0,6396,0,3584,4997,0,5593,3357,0,0
1171,1180.0,6345,0,3487,5032,0,5650,3358,0,0
1172,1181.0,6461,0,3556,4997,0,5570,3376,0,0
1173,1182.0,6457,0,3560,5048,0,5643,3334,0,0
1174,1183.0,6479,0,3565,5014,0,5660,3337,0,0
1175,1184.0,6535,0,3708,5002,0,5631,3199,0,0
1176,1185.0,6284,0,3615,5063,0,5694,3206,0,0
1177,1186.0,6255,0,3501,4937,0,5562,3276,0,0
1178,1187.0,6469,0,3540,5029,0,5654,3319,0,0
1179,1188.0,6513,0,3654,4979,0,5586,3186,0,0
1180,1189.0,6417,0,3548,5021,0,5653,3287,0,0
1181,1190.0,6445,0,3662,4980,0,5602,3160,0,0
1182,1191.0,6353,0,3521,4861,0,5473,3098,0,0
1183,1192.0,6248,0,3546,4950,0,5589,3074,0,0
1184,1193.0,6218,0,3503,4897,0,5512,3087,0,0
1185,1194.0,6248,0,3548,4832,0,5482,3094,0,0
1186,1195.0,6145,0,3430,4787,0,5483,2970,0,0
1187,1196.0,6187,0,3520,4880,0,5528,3041,0,0
1188,1197.0,6222,0,3506,4860,0,5480,3133,0,0
1189,1198.0,6289,0,3572,4970,0,5575,3180,0,0
1190,1199.0,6381,0,3566,4983,0,5659,3166,0,0
1191,1200.0,6323,0,3530,4977,0,5643,3151,0,0
