,time_histo_el_s,and1,and2,and3,or,bsm1,bsm2
0,0.0,3466,3,3466,3,0,3
1,1.0,4611,3,4611,3,0,3
2,2.0,5288,7,5288,7,0,7
3,3.0,5124,2,5124,2,0,2
4,4.0,5346,6,5346,6,0,6
5,5.0,5186,2,5186,2,0,2
6,6.0,5193,4,5193,4,0,4
7,8.0,5296,2,5296,2,0,2
8,9.0,5466,9,5466,9,0,9
9,10.0,5219,5,5219,5,0,5
10,11.0,5227,2,5227,2,0,2
11,12.0,5297,9,5297,9,0,9
12,13.0,5491,4,5491,4,0,4
13,14.0,5119,2,5119,2,0,2
14,15.0,5347,5,5347,5,0,5
15,16.0,5292,6,5292,6,0,6
16,17.0,5146,3,5146,3,0,3
17,18.0,5233,4,5233,4,0,4
18,19.0,5269,2,5269,2,0,2
19,20.0,5288,6,5288,6,0,6
20,21.0,5361,5,5361,5,0,5
21,22.0,5240,7,5240,7,0,7
22,23.0,5314,1,5314,1,0,1
23,24.0,5184,1,5184,1,0,1
24,25.0,5175,7,5175,7,0,7
25,26.0,5307,5,5307,5,0,5
26,27.0,5520,5,5520,5,0,5
27,28.0,4951,3,4951,3,0,3
28,29.0,5337,4,5337,4,0,4
29,30.0,5369,3,5369,3,0,3
30,31.0,5266,3,5266,3,0,3
31,32.0,5156,4,5156,4,0,4
32,33.0,5648,4,5648,4,0,4
33,34.0,4574,5,4574,5,0,5
34,35.0,5266,3,5266,3,0,3
35,36.0,5065,1,5065,1,0,1
36,37.0,5113,4,5113,4,0,4
37,38.0,5259,6,5259,6,0,6
38,39.0,5244,3,5244,3,0,3
39,40.0,5366,3,5366,3,0,3
40,41.0,5222,4,5222,4,0,4
41,42.0,5325,7,5325,7,0,7
42,43.0,5312,5,5312,5,0,5
43,44.0,5473,3,5473,3,0,3
44,45.0,4891,2,4891,2,0,2
45,46.0,5220,5,5220,5,0,5
46,47.0,5191,5,5191,5,0,5
47,48.0,5361,6,5361,6,0,6
48,49.0,5216,9,5216,9,0,9
49,50.0,5195,1,5195,1,0,1
50,51.0,5333,2,5333,2,0,2
51,52.0,5520,7,5520,7,0,7
52,53.0,5113,3,5113,3,0,3
53,54.0,5266,2,5266,2,0,2
54,55.0,5437,3,5437,3,0,3
55,56.0,5173,1,5173,1,0,1
56,57.0,5306,4,5306,4,0,4
57,58.0,5535,6,5535,6,0,6
58,59.0,4966,3,4966,3,0,3
59,60.0,6149,5,6149,5,0,5
60,61.0,5032,7,5032,7,0,7
61,62.0,5417,1,5417,1,0,1
62,63.0,4721,6,4721,6,0,6
63,64.0,5058,2,5058,2,0,2
64,65.0,4718,1,4718,1,0,1
65,66.0,5283,2,5283,2,0,2
66,67.0,5186,7,5186,7,0,7
67,68.0,5102,3,5102,3,0,3
68,69.0,5098,3,5098,3,0,3
69,70.0,5435,3,5435,3,0,3
70,71.0,5179,2,5179,2,0,2
71,72.0,5198,5,5198,5,0,5
72,73.0,5101,3,5101,3,0,3
73,74.0,5282,6,5282,6,0,6
74,75.0,5167,0,5167,0,0,0
75,76.0,5312,4,5312,4,0,4
76,77.0,5248,2,5248,2,0,2
77,78.0,5186,2,5186,2,0,2
78,79.0,5352,4,5352,4,0,4
79,80.0,5331,1,5331,1,0,1
80,81.0,5343,6,5343,6,0,6
81,82.0,5424,4,5424,4,0,4
82,83.0,5334,5,5334,5,0,5
83,84.0,5388,4,5388,4,0,4
84,85.0,5420,8,5420,8,0,8
85,86.0,5442,5,5442,5,0,5
86,87.0,5333,6,5333,6,0,6
87,88.0,5242,5,5242,5,0,5
88,89.0,5291,4,5291,4,0,4
89,90.0,5314,4,5314,4,0,4
90,91.0,5192,4,5192,4,0,4
91,92.0,5295,4,5295,4,0,4
92,93.0,5280,3,5280,3,0,3
93,94.0,5264,2,5264,2,0,2
94,95.0,5257,2,5257,2,0,2
95,96.0,5034,6,5034,6,0,6
96,97.0,5462,4,5462,4,0,4
97,98.0,4870,4,4870,4,0,4
98,99.0,5032,9,5032,9,0,9
99,100.0,5212,4,5212,4,0,4
100,101.0,5243,4,5243,4,0,4
101,102.0,5085,4,5085,4,0,4
102,103.0,5123,3,5123,3,0,3
103,104.0,5207,6,5207,6,0,6
104,105.0,5062,3,5062,3,0,3
105,106.0,5670,2,5670,2,0,2
106,107.0,4775,0,4775,0,0,0
107,108.0,5194,2,5194,2,0,2
108,109.0,5828,4,5828,4,0,4
109,110.0,5334,2,5334,2,0,2
110,111.0,5095,4,5095,4,0,4
111,112.0,5072,4,5072,4,0,4
112,113.0,5224,5,5224,5,0,5
113,114.0,5238,5,5238,5,0,5
114,115.0,5323,3,5323,3,0,3
115,116.0,5380,3,5380,3,0,3
116,117.0,5263,5,5263,5,0,5
117,118.0,5363,9,5363,9,0,9
118,119.0,5230,1,5230,1,0,1
119,120.0,5287,6,5287,6,0,6
120,121.0,4144,4,4144,4,0,4
121,122.0,4440,8,4440,8,0,8
122,123.0,5302,6,5302,6,0,6
123,124.0,5100,2,5100,2,0,2
124,125.0,5144,6,5144,6,0,6
125,126.0,5045,6,5045,6,0,6
126,127.0,5136,8,5136,8,0,8
127,128.0,5079,2,5079,2,0,2
128,129.0,5156,2,5156,2,0,2
129,130.0,5113,5,5113,5,0,5
130,131.0,5215,5,5215,5,0,5
131,132.0,5243,1,5243,1,0,1
132,133.0,5136,3,5136,3,0,3
133,134.0,5187,5,5187,5,0,5
134,135.0,5150,8,5150,8,0,8
135,136.0,5097,1,5097,1,0,1
136,137.0,5187,6,5187,6,0,6
137,138.0,5286,7,5286,7,0,7
138,139.0,5028,3,5028,3,0,3
139,140.0,5117,7,5117,7,0,7
140,141.0,5041,4,5041,4,0,4
141,142.0,5297,4,5297,4,0,4
142,143.0,5066,5,5066,5,0,5
143,144.0,4909,2,4909,2,0,2
144,145.0,5139,4,5139,4,0,4
145,146.0,5251,4,5251,4,0,4
146,147.0,5422,3,5422,3,0,3
147,148.0,4938,3,4938,3,0,3
148,149.0,5248,6,5248,6,0,6
149,150.0,5232,6,5232,6,0,6
150,151.0,5259,3,5259,3,0,3
151,152.0,5279,4,5279,4,0,4
152,153.0,5978,8,5978,8,0,8
153,154.0,5270,6,5270,6,0,6
154,155.0,5061,5,5061,5,0,5
155,156.0,5228,2,5228,2,0,2
156,157.0,5255,2,5255,2,0,2
157,158.0,5154,5,5154,5,0,5
158,159.0,5371,6,5371,6,0,6
159,160.0,4898,4,4898,4,0,4
160,161.0,5374,1,5374,1,0,1
161,162.0,5325,7,5325,7,0,7
162,164.0,4911,6,4911,6,0,6
163,165.0,5557,6,5557,6,0,6
164,166.0,4981,2,4981,2,0,2
165,167.0,4892,8,4892,8,0,8
166,168.0,5167,3,5167,3,0,3
167,169.0,5150,5,5150,5,0,5
168,170.0,5113,9,5113,9,0,9
169,171.0,5618,3,5618,3,0,3
170,172.0,4823,3,4823,3,0,3
171,173.0,5126,5,5126,5,0,5
172,174.0,5135,4,5135,4,0,4
173,175.0,5178,5,5178,5,0,5
174,176.0,5227,4,5227,4,0,4
175,177.0,5332,7,5332,7,0,7
176,178.0,5389,4,5389,4,0,4
177,179.0,4908,2,4908,2,0,2
178,180.0,5094,2,5094,2,0,2
179,181.0,5263,4,5263,4,0,4
180,182.0,5334,5,5334,5,0,5
181,183.0,5298,6,5298,6,0,6
182,184.0,6118,6,6118,6,0,6
183,185.0,5327,5,5327,5,0,5
184,186.0,5018,2,5018,2,0,2
185,187.0,5343,7,5343,7,0,7
186,188.0,5062,7,5062,7,0,7
187,189.0,4848,5,4848,5,0,5
188,190.0,5101,3,5101,3,0,3
189,191.0,5139,5,5139,5,0,5
190,192.0,5258,3,5258,3,0,3
191,193.0,5132,1,5132,1,0,1
192,194.0,5039,4,5039,4,0,4
193,195.0,5348,2,5348,2,0,2
194,196.0,5195,2,5195,2,0,2
195,197.0,5336,3,5336,3,0,3
196,198.0,5499,5,5499,5,0,5
197,199.0,5014,3,5014,3,0,3
198,200.0,5071,1,5071,1,0,1
199,201.0,5418,2,5418,2,0,2
200,202.0,4929,1,4929,1,0,1
201,203.0,5350,1,5350,1,0,1
202,204.0,5360,3,5360,3,0,3
203,205.0,5338,8,5338,8,0,8
204,206.0,5406,5,5406,5,0,5
205,207.0,5553,5,5553,5,0,5
206,208.0,5520,5,5520,5,0,5
207,209.0,5390,5,5390,5,0,5
208,210.0,5690,2,5690,2,0,2
209,211.0,5392,4,5392,4,0,4
210,212.0,5514,9,5514,9,0,9
211,213.0,5492,9,5492,9,0,9
212,214.0,5541,4,5541,4,0,4
213,215.0,5370,3,5370,3,0,3
214,216.0,5439,4,5439,4,0,4
215,217.0,5363,6,5363,6,0,6
216,218.0,5556,3,5556,3,0,3
217,219.0,5370,7,5370,7,0,7
218,220.0,5396,6,5396,6,0,6
219,221.0,5402,3,5402,3,0,3
220,222.0,5409,7,5409,7,0,7
221,223.0,5526,5,5526,5,0,5
222,224.0,5390,6,5390,6,0,6
223,225.0,5460,5,5460,5,0,5
224,226.0,5538,5,5538,5,0,5
225,227.0,5548,9,5548,9,0,9
226,228.0,5623,4,5623,4,0,4
227,229.0,5688,5,5688,5,0,5
228,230.0,5660,4,5660,4,0,4
229,231.0,5505,7,5505,7,0,7
230,232.0,5875,4,5875,4,0,4
231,233.0,5729,6,5729,6,0,6
232,234.0,5508,4,5508,4,0,4
233,235.0,5717,6,5717,6,0,6
234,236.0,5246,6,5246,6,0,6
235,237.0,5647,9,5647,9,0,9
236,238.0,5392,6,5392,6,0,6
237,239.0,5536,8,5536,8,0,8
238,240.0,5700,3,5700,3,0,3
239,241.0,4200,3,4200,3,0,3
240,242.0,5061,3,5061,3,0,3
241,243.0,5159,3,5159,3,0,3
242,244.0,5543,3,5543,3,0,3
243,245.0,5461,7,5461,7,0,7
244,246.0,5604,6,5604,6,0,6
245,247.0,5527,6,5527,6,0,6
246,248.0,5931,4,5931,4,0,4
247,249.0,5175,5,5175,5,0,5
248,250.0,5556,2,5556,2,0,2
249,251.0,5473,5,5473,5,0,5
250,252.0,5532,2,5532,2,0,2
251,253.0,5391,6,5391,6,0,6
252,254.0,5595,8,5595,8,0,8
253,255.0,5586,3,5586,3,0,3
254,256.0,5576,12,5576,12,0,12
255,257.0,5550,8,5550,8,0,8
256,258.0,5740,8,5740,8,0,8
257,259.0,5712,6,5712,6,0,6
258,260.0,5095,7,5095,7,0,7
259,261.0,5750,3,5750,3,0,3
260,262.0,5417,7,5417,7,0,7
261,263.0,5477,1,5477,1,0,1
262,264.0,5343,4,5343,4,0,4
263,265.0,5249,4,5249,4,0,4
264,266.0,5429,5,5429,5,0,5
265,267.0,5317,6,5317,6,0,6
266,268.0,5397,2,5397,2,0,2
267,269.0,5472,6,5472,6,0,6
268,270.0,5399,8,5399,8,0,8
269,271.0,5712,7,5712,7,0,7
270,272.0,5452,5,5452,5,0,5
271,273.0,5276,7,5276,7,0,7
272,274.0,5472,3,5472,3,0,3
273,275.0,5396,6,5396,6,0,6
274,276.0,5246,2,5246,2,0,2
275,277.0,5436,6,5436,6,0,6
276,278.0,5456,1,5456,1,0,1
277,279.0,5684,4,5684,4,0,4
278,280.0,5303,1,5303,1,0,1
279,281.0,5341,4,5341,4,0,4
280,282.0,5569,9,5569,9,0,9
281,283.0,5604,2,5604,2,0,2
282,284.0,5588,6,5588,6,0,6
283,285.0,5739,4,5739,4,0,4
284,286.0,5922,3,5922,3,0,3
285,287.0,5361,7,5361,7,0,7
286,288.0,5551,4,5551,4,0,4
287,289.0,5399,7,5399,7,0,7
288,290.0,5495,3,5495,3,0,3
289,291.0,5481,2,5481,2,0,2
290,292.0,5492,6,5492,6,0,6
291,293.0,5357,2,5357,2,0,2
292,294.0,5347,8,5347,8,0,8
293,295.0,5458,3,5458,3,0,3
294,296.0,5665,4,5665,4,0,4
295,297.0,5576,4,5576,4,0,4
296,298.0,5488,4,5488,4,0,4
297,299.0,5587,4,5587,4,0,4
298,300.0,5658,4,5658,4,0,4
299,301.0,5740,6,5740,6,0,6
300,302.0,5561,3,5561,3,0,3
301,303.0,5683,7,5683,7,0,7
302,304.0,5704,6,5704,6,0,6
303,305.0,5655,4,5655,4,0,4
304,306.0,5375,6,5375,6,0,6
305,307.0,5778,8,5778,8,0,8
306,308.0,5301,2,5301,2,0,2
307,309.0,5397,4,5397,4,0,4
308,310.0,5401,4,5401,4,0,4
309,311.0,5491,10,5491,10,0,10
310,312.0,5383,7,5383,7,0,7
311,313.0,5390,4,5390,4,0,4
312,314.0,5292,3,5292,3,0,3
313,315.0,5205,3,5205,3,0,3
314,316.0,5331,4,5331,4,0,4
315,317.0,5210,7,5210,7,0,7
316,318.0,5946,3,5946,3,0,3
317,319.0,5040,3,5040,3,0,3
318,320.0,4887,0,4887,0,0,0
319,321.0,5296,3,5296,3,0,3
320,323.0,5462,5,5462,5,0,5
321,324.0,5353,0,5353,0,0,0
322,325.0,5434,3,5434,3,0,3
323,326.0,5342,7,5342,7,0,7
324,327.0,5441,7,5441,7,0,7
325,328.0,5528,5,5528,5,0,5
326,329.0,5470,3,5470,3,0,3
327,330.0,5593,5,5593,5,0,5
328,331.0,5428,5,5428,5,0,5
329,332.0,5588,4,5588,4,0,4
330,333.0,5676,4,5676,4,0,4
331,334.0,5598,6,5598,6,0,6
332,335.0,5609,4,5609,4,0,4
333,336.0,5551,7,5551,7,0,7
334,337.0,5605,6,5605,6,0,6
335,338.0,5648,4,5648,4,0,4
336,339.0,5348,3,5348,3,0,3
337,340.0,5668,2,5668,2,0,2
338,341.0,5238,4,5238,4,0,4
339,342.0,5257,6,5257,6,0,6
340,343.0,5453,4,5453,4,0,4
341,344.0,5342,5,5342,5,0,5
342,345.0,5546,6,5546,6,0,6
343,346.0,5388,7,5388,7,0,7
344,347.0,5529,8,5529,8,0,8
345,348.0,5399,1,5399,1,0,1
346,349.0,5379,5,5379,5,0,5
347,350.0,5505,6,5505,6,0,6
348,351.0,5425,6,5425,6,0,6
349,352.0,5417,4,5417,4,0,4
350,353.0,5477,5,5477,5,0,5
351,354.0,5707,2,5707,2,0,2
352,355.0,5261,9,5261,9,0,9
353,356.0,5523,6,5523,6,0,6
354,357.0,5558,5,5558,5,0,5
355,358.0,5444,8,5444,8,0,8
356,359.0,5407,4,5407,4,0,4
357,360.0,5555,8,5555,8,0,8
358,361.0,4315,6,4315,6,0,6
359,362.0,4743,4,4743,4,0,4
360,363.0,5255,10,5255,10,0,10
361,364.0,5521,8,5521,8,0,8
362,365.0,5293,5,5293,5,0,5
363,366.0,5472,2,5472,2,0,2
364,367.0,5714,3,5714,3,0,3
365,368.0,4941,5,4941,5,0,5
366,369.0,5242,3,5242,3,0,3
367,370.0,5414,6,5414,6,0,6
368,371.0,5281,6,5281,6,0,6
369,372.0,5465,2,5465,2,0,2
370,373.0,5484,3,5484,3,0,3
371,374.0,5350,4,5350,4,0,4
372,375.0,5375,8,5375,8,0,8
373,376.0,5488,2,5488,2,0,2
374,377.0,5405,1,5405,1,0,1
375,378.0,5506,9,5506,9,0,9
376,379.0,5504,6,5504,6,0,6
377,380.0,5370,4,5370,4,0,4
378,381.0,5414,3,5414,3,0,3
379,382.0,5410,5,5410,5,0,5
380,383.0,5394,3,5394,3,0,3
381,384.0,5755,5,5755,5,0,5
382,385.0,5310,2,5310,2,0,2
383,386.0,4951,2,4951,2,0,2
384,387.0,5356,2,5356,2,0,2
385,388.0,5367,2,5367,2,0,2
386,389.0,5466,6,5466,6,0,6
387,390.0,5449,8,5449,8,0,8
388,391.0,5498,3,5498,3,0,3
389,392.0,5573,5,5573,5,0,5
390,393.0,5531,12,5531,12,0,12
391,394.0,5491,3,5491,3,0,3
392,395.0,5074,3,5074,3,0,3
393,396.0,5484,6,5484,6,0,6
394,397.0,5267,6,5267,6,0,6
395,398.0,5307,7,5307,7,0,7
396,399.0,5357,4,5357,4,0,4
397,400.0,5415,11,5415,11,0,11
398,401.0,5511,5,5511,5,0,5
399,402.0,5270,1,5270,1,0,1
400,403.0,5271,8,5271,8,0,8
401,404.0,5136,3,5136,3,0,3
402,405.0,5399,3,5399,3,0,3
403,406.0,5332,7,5332,7,0,7
404,407.0,5421,2,5421,2,0,2
405,408.0,5275,10,5275,10,0,10
406,409.0,5254,1,5254,1,0,1
407,410.0,5241,5,5241,5,0,5
408,411.0,5115,3,5115,3,0,3
409,412.0,5210,10,5210,10,0,10
410,413.0,5199,7,5199,7,0,7
411,414.0,5139,7,5139,7,0,7
412,415.0,5311,11,5311,11,0,11
413,416.0,5143,4,5143,4,0,4
414,417.0,5444,5,5444,5,0,5
415,418.0,5285,3,5285,3,0,3
416,419.0,5327,2,5327,2,0,2
417,420.0,5406,8,5406,8,0,8
418,421.0,5294,3,5294,3,0,3
419,422.0,5345,8,5345,8,0,8
420,423.0,5429,3,5429,3,0,3
421,424.0,5293,5,5293,5,0,5
422,425.0,5240,3,5240,3,0,3
423,426.0,5459,5,5459,5,0,5
424,427.0,5352,4,5352,4,0,4
425,428.0,5343,4,5343,4,0,4
426,429.0,5414,2,5414,2,0,2
427,430.0,5358,4,5358,4,0,4
428,431.0,5324,3,5324,3,0,3
429,432.0,5483,3,5483,3,0,3
430,433.0,5200,2,5200,2,0,2
431,434.0,5515,9,5515,9,0,9
432,435.0,5280,5,5280,5,0,5
433,436.0,5330,2,5330,2,0,2
434,437.0,5741,3,5741,3,0,3
435,438.0,5048,7,5048,7,0,7
436,439.0,5259,6,5259,6,0,6
437,440.0,5271,3,5271,3,0,3
438,441.0,5386,3,5386,3,0,3
439,442.0,5564,4,5564,4,0,4
440,443.0,5526,4,5526,4,0,4
441,444.0,5074,5,5074,5,0,5
442,445.0,5412,7,5412,7,0,7
443,446.0,5453,2,5453,2,0,2
444,447.0,5424,2,5424,2,0,2
445,448.0,5602,2,5602,2,0,2
446,449.0,5378,1,5378,1,0,1
447,450.0,5396,2,5396,2,0,2
448,451.0,5428,8,5428,8,0,8
449,452.0,5272,4,5272,4,0,4
450,453.0,5442,5,5442,5,0,5
451,454.0,5429,2,5429,2,0,2
452,455.0,5450,11,5450,11,0,11
453,456.0,5405,7,5405,7,0,7
454,457.0,5655,6,5655,6,0,6
455,458.0,5089,2,5089,2,0,2
456,459.0,5367,4,5367,4,0,4
457,460.0,5452,5,5452,5,0,5
458,461.0,5415,6,5415,6,0,6
459,462.0,5333,3,5333,3,0,3
460,463.0,5360,5,5360,5,0,5
461,464.0,5366,4,5366,4,0,4
462,465.0,5320,6,5320,6,0,6
463,466.0,5658,4,5658,4,0,4
464,467.0,5018,4,5018,4,0,4
465,469.0,5091,3,5091,3,0,3
466,470.0,5245,5,5245,5,0,5
467,471.0,5410,8,5410,8,0,8
468,472.0,4956,4,4956,4,0,4
469,473.0,5334,5,5334,5,0,5
470,474.0,5336,1,5336,1,0,1
471,475.0,5018,6,5018,6,0,6
472,476.0,5356,4,5356,4,0,4
473,477.0,5605,6,5605,6,0,6
474,478.0,4973,5,4973,5,0,5
475,479.0,5401,2,5401,2,0,2
476,480.0,5408,3,5408,3,0,3
477,481.0,5325,3,5325,3,0,3
478,482.0,4405,8,4405,8,0,8
479,483.0,4490,6,4490,6,0,6
480,484.0,5262,5,5262,5,0,5
481,485.0,5321,4,5321,4,0,4
482,486.0,5386,9,5386,9,0,9
483,487.0,5211,3,5211,3,0,3
484,488.0,5338,2,5338,2,0,2
485,489.0,5322,5,5322,5,0,5
486,490.0,6154,8,6154,8,0,8
487,491.0,4696,5,4696,5,0,5
488,492.0,5972,4,5972,4,0,4
489,493.0,4986,2,4986,2,0,2
490,494.0,5048,1,5048,1,0,1
491,495.0,5212,7,5212,7,0,7
492,496.0,5330,4,5330,4,0,4
493,497.0,5517,5,5517,5,0,5
494,498.0,5354,2,5354,2,0,2
495,499.0,5409,5,5409,5,0,5
496,500.0,5344,4,5344,4,0,4
497,501.0,5195,4,5195,4,0,4
498,502.0,5237,4,5237,4,0,4
499,503.0,5189,1,5189,1,0,1
500,504.0,5234,6,5234,6,0,6
501,505.0,5658,8,5658,8,0,8
502,506.0,4945,3,4945,3,0,3
503,507.0,5226,5,5226,5,0,5
504,508.0,5698,3,5698,3,0,3
505,509.0,5048,2,5048,2,0,2
506,510.0,4763,4,4763,4,0,4
507,511.0,5272,4,5272,4,0,4
508,512.0,5232,2,5232,2,0,2
509,513.0,5343,6,5343,6,0,6
510,514.0,5298,7,5298,7,0,7
511,515.0,5427,5,5427,5,0,5
512,516.0,5210,7,5210,7,0,7
513,517.0,5320,5,5320,5,0,5
514,518.0,5296,6,5296,6,0,6
515,519.0,5433,4,5433,4,0,4
516,520.0,5087,1,5087,1,0,1
517,521.0,5342,5,5342,5,0,5
518,522.0,5282,4,5282,4,0,4
519,523.0,5379,4,5379,4,0,4
520,524.0,5394,3,5394,3,0,3
521,525.0,5696,2,5696,2,0,2
522,526.0,5370,4,5370,4,0,4
523,527.0,5484,4,5484,4,0,4
524,528.0,5405,5,5405,5,0,5
525,529.0,6146,4,6146,4,0,4
526,530.0,4905,5,4905,5,0,5
527,531.0,5464,5,5464,5,0,5
528,532.0,5407,5,5407,5,0,5
529,533.0,5478,5,5478,5,0,5
530,534.0,5406,2,5406,2,0,2
531,535.0,5679,7,5679,7,0,7
532,536.0,4837,3,4837,3,0,3
533,537.0,5197,5,5197,5,0,5
534,538.0,5339,2,5339,2,0,2
535,539.0,5416,6,5416,6,0,6
536,540.0,5227,1,5227,1,0,1
537,541.0,5502,6,5502,6,0,6
538,542.0,5197,1,5197,1,0,1
539,543.0,5007,5,5007,5,0,5
540,544.0,5212,3,5212,3,0,3
541,545.0,5610,2,5610,2,0,2
542,546.0,5422,5,5422,5,0,5
543,547.0,4747,1,4747,1,0,1
544,548.0,4626,3,4626,3,0,3
545,549.0,5148,4,5148,4,0,4
546,550.0,5176,6,5176,6,0,6
547,551.0,5270,2,5270,2,0,2
548,552.0,5240,3,5240,3,0,3
549,553.0,5252,1,5252,1,0,1
550,554.0,4889,5,4889,5,0,5
551,555.0,5191,8,5191,8,0,8
552,556.0,5124,5,5124,5,0,5
553,557.0,5269,6,5269,6,0,6
554,558.0,5129,3,5129,3,0,3
555,559.0,5171,3,5171,3,0,3
556,560.0,5092,4,5092,4,0,4
557,561.0,4942,6,4942,6,0,6
558,562.0,5175,4,5175,4,0,4
559,563.0,5196,2,5196,2,0,2
560,564.0,5160,3,5160,3,0,3
561,565.0,5118,4,5118,4,0,4
562,566.0,5139,4,5139,4,0,4
563,567.0,5744,7,5744,7,0,7
564,568.0,4538,7,4538,7,0,7
565,569.0,5319,4,5319,4,0,4
566,570.0,4942,3,4942,3,0,3
567,571.0,5243,3,5243,3,0,3
568,572.0,5191,5,5191,5,0,5
569,573.0,5228,4,5228,4,0,4
570,574.0,5298,3,5298,3,0,3
571,575.0,5105,5,5105,5,0,5
572,576.0,5264,7,5264,7,0,7
573,577.0,5161,3,5161,3,0,3
574,578.0,5187,5,5187,5,0,5
575,579.0,5097,4,5097,4,0,4
576,580.0,5179,5,5179,5,0,5
577,581.0,5163,5,5163,5,0,5
578,582.0,5244,3,5244,3,0,3
579,583.0,5302,3,5302,3,0,3
580,584.0,5128,4,5128,4,0,4
581,585.0,5056,6,5056,6,0,6
582,586.0,5191,1,5191,1,0,1
583,587.0,5048,6,5048,6,0,6
584,588.0,5219,8,5219,8,0,8
585,589.0,5102,4,5102,4,0,4
586,590.0,5215,2,5215,2,0,2
587,591.0,5035,2,5035,2,0,2
588,592.0,5217,4,5217,4,0,4
589,593.0,5220,3,5220,3,0,3
590,594.0,4827,4,4827,4,0,4
591,595.0,5014,4,5014,4,0,4
592,596.0,5032,5,5032,5,0,5
593,597.0,4981,5,4981,5,0,5
594,598.0,5065,6,5065,6,0,6
595,599.0,5037,2,5037,2,0,2
596,600.0,5003,4,5003,4,0,4
597,601.0,4019,5,4019,5,0,5
598,602.0,4280,2,4280,2,0,2
599,603.0,4990,5,4990,5,0,5
600,604.0,5002,3,5002,3,0,3
601,605.0,5025,1,5025,1,0,1
602,606.0,5094,6,5094,6,0,6
603,607.0,5046,6,5046,6,0,6
604,608.0,5245,3,5245,3,0,3
605,609.0,5113,9,5113,9,0,9
606,610.0,5100,6,5100,6,0,6
607,611.0,4941,3,4941,3,0,3
608,612.0,5030,5,5030,5,0,5
609,613.0,5102,2,5102,2,0,2
610,614.0,5031,3,5031,3,0,3
611,615.0,5073,3,5073,3,0,3
612,616.0,4946,5,4946,5,0,5
613,617.0,5068,6,5068,6,0,6
614,618.0,5180,3,5180,3,0,3
615,619.0,5003,3,5003,3,0,3
616,620.0,5096,5,5096,5,0,5
617,621.0,5071,7,5071,7,0,7
618,622.0,5117,6,5117,6,0,6
619,623.0,4983,6,4983,6,0,6
620,624.0,5369,4,5369,4,0,4
621,625.0,5255,5,5255,5,0,5
622,626.0,4927,4,4927,4,0,4
623,627.0,5083,2,5083,2,0,2
624,628.0,5213,3,5213,3,0,3
625,630.0,5171,3,5171,3,0,3
626,631.0,5146,6,5146,6,0,6
627,632.0,5161,6,5161,6,0,6
628,633.0,5077,2,5077,2,0,2
629,634.0,5147,4,5147,4,0,4
630,635.0,5304,5,5304,5,0,5
631,636.0,5088,3,5088,3,0,3
632,637.0,4993,5,4993,5,0,5
633,638.0,5232,4,5232,4,0,4
634,639.0,5185,0,5185,0,0,0
635,640.0,5370,4,5370,4,0,4
636,641.0,5402,2,5402,2,0,2
637,642.0,5223,9,5223,9,0,9
638,643.0,5821,5,5821,5,0,5
639,644.0,5227,6,5227,6,0,6
640,645.0,5949,7,5949,7,0,7
641,646.0,5015,4,5015,4,0,4
642,647.0,5428,6,5428,6,0,6
643,648.0,5459,3,5459,3,0,3
644,649.0,5357,2,5357,2,0,2
645,650.0,5378,6,5378,6,0,6
646,651.0,5432,5,5432,5,0,5
647,652.0,5390,2,5390,2,0,2
648,653.0,5445,6,5445,6,0,6
649,654.0,5476,1,5476,1,0,1
650,655.0,5365,4,5365,4,0,4
651,656.0,5430,7,5430,7,0,7
652,657.0,5578,2,5578,2,0,2
653,658.0,5075,5,5075,5,0,5
654,659.0,5365,4,5365,4,0,4
655,660.0,5249,3,5249,3,0,3
656,661.0,5474,7,5474,7,0,7
657,662.0,5069,7,5069,7,0,7
658,663.0,5324,8,5324,8,0,8
659,664.0,5418,2,5418,2,0,2
660,665.0,5386,4,5386,4,0,4
661,666.0,5392,3,5392,3,0,3
662,667.0,5269,3,5269,3,0,3
663,668.0,5464,3,5464,3,0,3
664,669.0,5450,4,5450,4,0,4
665,670.0,5440,3,5440,3,0,3
666,671.0,5394,4,5394,4,0,4
667,672.0,5344,6,5344,6,0,6
668,673.0,5458,7,5458,7,0,7
669,674.0,5568,6,5568,6,0,6
670,675.0,5403,1,5403,1,0,1
671,676.0,5419,1,5419,1,0,1
672,677.0,5568,5,5568,5,0,5
673,678.0,5402,6,5402,6,0,6
674,679.0,5397,8,5397,8,0,8
675,680.0,5479,6,5479,6,0,6
676,681.0,5446,4,5446,4,0,4
677,682.0,5368,5,5368,5,0,5
678,683.0,5414,3,5414,3,0,3
679,684.0,5344,3,5344,3,0,3
680,685.0,5331,5,5331,5,0,5
681,686.0,5378,6,5378,6,0,6
682,687.0,6247,5,6247,5,0,5
683,688.0,5013,4,5013,4,0,4
684,689.0,5680,5,5680,5,0,5
685,690.0,5258,2,5258,2,0,2
686,691.0,6089,6,6089,6,0,6
687,692.0,5458,2,5458,2,0,2
688,693.0,5405,2,5405,2,0,2
689,694.0,5524,3,5524,3,0,3
690,695.0,5779,4,5779,4,0,4
691,696.0,5525,3,5525,3,0,3
692,697.0,5574,6,5574,6,0,6
693,698.0,5612,6,5612,6,0,6
694,699.0,5651,4,5651,4,0,4
695,700.0,5550,2,5550,2,0,2
696,701.0,5559,11,5559,11,0,11
697,702.0,5565,3,5565,3,0,3
698,703.0,5710,2,5710,2,0,2
699,704.0,5615,4,5615,4,0,4
700,705.0,5354,5,5354,5,0,5
701,706.0,5695,8,5695,8,0,8
702,707.0,5623,5,5623,5,0,5
703,708.0,5691,5,5691,5,0,5
704,709.0,5637,9,5637,9,0,9
705,710.0,5534,6,5534,6,0,6
706,711.0,5596,7,5596,7,0,7
707,712.0,5697,4,5697,4,0,4
708,713.0,5582,5,5582,5,0,5
709,714.0,5510,5,5510,5,0,5
710,715.0,5337,2,5337,2,0,2
711,716.0,5604,6,5604,6,0,6
712,717.0,5256,5,5256,5,0,5
713,718.0,5353,4,5353,4,0,4
714,719.0,5439,7,5439,7,0,7
715,720.0,5365,5,5365,5,0,5
716,721.0,4295,6,4295,6,0,6
717,722.0,4669,8,4669,8,0,8
718,723.0,5522,7,5522,7,0,7
719,724.0,5393,4,5393,4,0,4
720,725.0,5360,5,5360,5,0,5
721,726.0,5891,7,5891,7,0,7
722,727.0,5283,4,5283,4,0,4
723,728.0,5630,4,5630,4,0,4
724,729.0,5655,4,5655,4,0,4
725,730.0,5695,5,5695,5,0,5
726,731.0,5478,11,5478,11,0,11
727,732.0,5551,4,5551,4,0,4
728,733.0,6157,6,6157,6,0,6
729,734.0,5556,5,5556,5,0,5
730,735.0,5297,4,5297,4,0,4
731,736.0,5346,7,5346,7,0,7
732,737.0,5317,6,5317,6,0,6
733,738.0,5399,5,5399,5,0,5
734,739.0,5486,6,5486,6,0,6
735,740.0,5400,4,5400,4,0,4
736,741.0,5335,5,5335,5,0,5
737,742.0,5964,5,5964,5,0,5
738,743.0,4748,4,4748,4,0,4
739,744.0,5266,7,5266,7,0,7
740,745.0,5324,10,5324,10,0,10
741,746.0,5186,4,5186,4,0,4
742,747.0,5148,5,5148,5,0,5
743,748.0,5240,5,5240,5,0,5
744,749.0,4549,7,4549,7,0,7
745,750.0,5043,8,5043,8,0,8
746,751.0,5066,2,5066,2,0,2
747,752.0,5131,4,5131,4,0,4
748,753.0,5079,4,5079,4,0,4
749,754.0,5030,8,5030,8,0,8
750,755.0,5303,4,5303,4,0,4
751,756.0,4913,4,4913,4,0,4
752,757.0,5153,1,5153,1,0,1
753,758.0,5095,5,5095,5,0,5
754,759.0,5172,5,5172,5,0,5
755,760.0,5062,2,5062,2,0,2
756,761.0,5190,6,5190,6,0,6
757,762.0,5004,4,5004,4,0,4
758,763.0,5278,5,5278,5,0,5
759,764.0,4889,2,4889,2,0,2
760,765.0,5056,5,5056,5,0,5
761,766.0,5085,3,5085,3,0,3
762,767.0,5171,2,5171,2,0,2
763,768.0,5173,8,5173,8,0,8
764,769.0,5139,1,5139,1,0,1
765,770.0,5206,8,5206,8,0,8
766,771.0,5206,2,5206,2,0,2
767,772.0,5226,6,5226,6,0,6
768,773.0,5157,2,5157,2,0,2
769,774.0,5308,4,5308,4,0,4
770,775.0,5176,4,5176,4,0,4
771,776.0,5133,4,5133,4,0,4
772,777.0,5068,1,5068,1,0,1
773,778.0,5306,6,5306,6,0,6
774,779.0,5215,3,5215,3,0,3
775,780.0,5178,5,5178,5,0,5
776,781.0,5161,7,5161,7,0,7
777,783.0,5147,8,5147,8,0,8
778,784.0,5306,3,5306,3,0,3
779,785.0,5202,3,5202,3,0,3
780,786.0,5399,7,5399,7,0,7
781,787.0,5285,5,5285,5,0,5
782,788.0,5399,5,5399,5,0,5
783,789.0,5290,8,5290,8,0,8
784,790.0,5260,3,5260,3,0,3
785,791.0,5828,0,5828,0,0,0
786,792.0,4774,3,4774,3,0,3
787,793.0,5467,3,5467,3,0,3
788,794.0,5156,6,5156,6,0,6
789,795.0,5158,3,5158,3,0,3
790,796.0,5256,2,5256,2,0,2
791,797.0,5195,7,5195,7,0,7
792,798.0,5268,5,5268,5,0,5
793,799.0,5271,4,5271,4,0,4
794,800.0,5234,8,5234,8,0,8
795,801.0,5316,3,5316,3,0,3
796,802.0,5524,7,5524,7,0,7
797,803.0,5520,4,5520,4,0,4
798,804.0,5637,5,5637,5,0,5
799,805.0,5597,5,5597,5,0,5
800,806.0,5464,5,5464,5,0,5
801,807.0,5457,4,5457,4,0,4
802,808.0,5231,4,5231,4,0,4
803,809.0,5791,6,5791,6,0,6
804,810.0,5188,11,5188,11,0,11
805,811.0,4988,3,4988,3,0,3
806,812.0,5083,7,5083,7,0,7
807,813.0,5283,4,5283,4,0,4
808,814.0,5295,9,5295,9,0,9
809,815.0,5487,7,5487,7,0,7
810,816.0,4791,6,4791,6,0,6
811,817.0,5364,5,5364,5,0,5
812,818.0,4885,3,4885,3,0,3
813,819.0,5252,11,5252,11,0,11
814,820.0,5117,3,5117,3,0,3
815,821.0,5153,5,5153,5,0,5
816,822.0,5255,4,5255,4,0,4
817,823.0,5212,3,5212,3,0,3
818,824.0,5336,6,5336,6,0,6
819,825.0,5354,3,5354,3,0,3
820,826.0,5286,4,5286,4,0,4
821,827.0,5294,4,5294,4,0,4
822,828.0,5346,5,5346,5,0,5
823,829.0,5274,6,5274,6,0,6
824,830.0,5269,7,5269,7,0,7
825,831.0,5176,2,5176,2,0,2
826,832.0,5257,8,5257,8,0,8
827,833.0,5204,5,5204,5,0,5
828,834.0,5204,5,5204,5,0,5
829,835.0,5330,2,5330,2,0,2
830,836.0,5318,5,5318,5,0,5
831,837.0,5164,3,5164,3,0,3
832,838.0,5334,8,5334,8,0,8
833,839.0,5438,9,5438,9,0,9
834,840.0,5541,2,5541,2,0,2
835,841.0,5055,4,5055,4,0,4
836,842.0,4674,3,4674,3,0,3
837,843.0,4712,2,4712,2,0,2
838,844.0,5381,5,5381,5,0,5
839,845.0,5496,2,5496,2,0,2
840,846.0,5655,3,5655,3,0,3
841,847.0,5471,6,5471,6,0,6
842,848.0,5624,3,5624,3,0,3
843,849.0,5306,10,5306,10,0,10
844,850.0,5582,3,5582,3,0,3
845,851.0,5456,3,5456,3,0,3
846,852.0,5952,2,5952,2,0,2
847,853.0,5254,2,5254,2,0,2
848,854.0,5536,4,5536,4,0,4
849,855.0,5703,3,5703,3,0,3
850,856.0,5283,6,5283,6,0,6
851,857.0,5371,0,5371,0,0,0
852,858.0,5484,2,5484,2,0,2
853,859.0,5566,5,5566,5,0,5
854,860.0,5438,4,5438,4,0,4
855,861.0,5425,2,5425,2,0,2
856,862.0,5350,2,5350,2,0,2
857,863.0,5302,6,5302,6,0,6
858,864.0,5402,4,5402,4,0,4
859,865.0,5368,5,5368,5,0,5
860,866.0,5338,4,5338,4,0,4
861,867.0,5409,5,5409,5,0,5
862,868.0,5385,9,5385,9,0,9
863,869.0,5302,5,5302,5,0,5
864,870.0,5407,7,5407,7,0,7
865,871.0,5226,2,5226,2,0,2
866,872.0,5350,3,5350,3,0,3
867,873.0,5222,6,5222,6,0,6
868,874.0,5817,6,5817,6,0,6
869,875.0,4960,2,4960,2,0,2
870,876.0,5203,5,5203,5,0,5
871,877.0,5259,8,5259,8,0,8
872,878.0,5146,3,5146,3,0,3
873,879.0,5133,3,5133,3,0,3
874,880.0,5259,5,5259,5,0,5
875,881.0,5241,4,5241,4,0,4
876,882.0,5146,3,5146,3,0,3
877,883.0,5240,7,5240,7,0,7
878,884.0,5240,4,5240,4,0,4
879,885.0,5142,4,5142,4,0,4
880,886.0,5120,7,5120,7,0,7
881,887.0,5490,2,5490,2,0,2
882,888.0,5473,4,5473,4,0,4
883,889.0,5026,8,5026,8,0,8
884,890.0,5375,13,5375,13,0,13
885,891.0,5345,3,5345,3,0,3
886,892.0,5022,4,5022,4,0,4
887,893.0,5425,6,5425,6,0,6
888,894.0,5304,1,5304,1,0,1
889,895.0,5395,5,5395,5,0,5
890,896.0,5431,7,5431,7,0,7
891,897.0,5039,1,5039,1,0,1
892,898.0,5203,3,5203,3,0,3
893,899.0,5215,2,5215,2,0,2
894,900.0,5399,5,5399,5,0,5
895,901.0,5513,5,5513,5,0,5
896,902.0,5236,3,5236,3,0,3
897,903.0,5350,2,5350,2,0,2
898,904.0,5059,2,5059,2,0,2
899,905.0,5259,4,5259,4,0,4
900,906.0,5272,4,5272,4,0,4
901,907.0,5259,5,5259,5,0,5
902,908.0,5230,6,5230,6,0,6
903,909.0,5174,2,5174,2,0,2
904,910.0,5373,4,5373,4,0,4
905,911.0,5302,6,5302,6,0,6
906,912.0,5142,3,5142,3,0,3
907,913.0,5168,6,5168,6,0,6
908,914.0,5064,6,5064,6,0,6
909,915.0,5166,3,5166,3,0,3
910,916.0,5502,6,5502,6,0,6
911,917.0,5088,4,5088,4,0,4
912,918.0,5323,6,5323,6,0,6
913,919.0,5296,5,5296,5,0,5
914,920.0,5303,2,5303,2,0,2
915,921.0,5377,6,5377,6,0,6
916,922.0,5228,5,5228,5,0,5
917,923.0,5330,7,5330,7,0,7
918,924.0,5329,3,5329,3,0,3
919,925.0,5172,2,5172,2,0,2
920,926.0,5111,3,5111,3,0,3
921,927.0,5152,4,5152,4,0,4
922,928.0,5110,4,5110,4,0,4
923,929.0,5127,5,5127,5,0,5
924,930.0,5200,3,5200,3,0,3
925,931.0,5250,2,5250,2,0,2
926,932.0,5190,8,5190,8,0,8
927,933.0,5076,6,5076,6,0,6
928,934.0,6021,5,6021,5,0,5
929,935.0,5014,5,5014,5,0,5
930,936.0,5102,4,5102,4,0,4
931,937.0,5154,4,5154,4,0,4
932,938.0,5034,4,5034,4,0,4
933,939.0,5101,2,5101,2,0,2
934,941.0,5190,0,5190,0,0,0
935,942.0,5230,4,5230,4,0,4
936,943.0,5226,4,5226,4,0,4
937,944.0,5115,8,5115,8,0,8
938,945.0,5189,4,5189,4,0,4
939,946.0,4830,1,4830,1,0,1
940,947.0,5581,5,5581,5,0,5
941,948.0,5071,7,5071,7,0,7
942,949.0,5257,2,5257,2,0,2
943,950.0,5203,1,5203,1,0,1
944,951.0,5186,9,5186,9,0,9
945,952.0,5133,3,5133,3,0,3
946,953.0,5330,4,5330,4,0,4
947,954.0,5160,6,5160,6,0,6
948,955.0,5202,4,5202,4,0,4
949,956.0,5127,4,5127,4,0,4
950,957.0,4979,1,4979,1,0,1
951,958.0,5061,4,5061,4,0,4
952,959.0,5095,6,5095,6,0,6
953,960.0,5289,1,5289,1,0,1
954,961.0,5290,6,5290,6,0,6
955,962.0,3357,3,3357,3,0,3
956,963.0,5234,10,5234,10,0,10
957,964.0,5320,4,5320,4,0,4
958,965.0,5322,4,5322,4,0,4
959,966.0,5141,4,5141,4,0,4
960,967.0,5239,0,5239,0,0,0
961,968.0,5202,4,5202,4,0,4
962,969.0,5340,2,5340,2,0,2
963,970.0,5357,4,5357,4,0,4
964,971.0,5221,6,5221,6,0,6
965,972.0,5363,9,5363,9,0,9
966,973.0,5302,2,5302,2,0,2
967,974.0,5246,3,5246,3,0,3
968,975.0,5236,2,5236,2,0,2
969,976.0,5268,1,5268,1,0,1
970,977.0,5306,4,5306,4,0,4
971,978.0,5280,5,5280,5,0,5
972,979.0,5421,3,5421,3,0,3
973,980.0,5120,2,5120,2,0,2
974,981.0,5066,5,5066,5,0,5
975,982.0,5153,5,5153,5,0,5
976,983.0,5140,7,5140,7,0,7
977,984.0,5311,3,5311,3,0,3
978,985.0,5565,4,5565,4,0,4
979,986.0,5235,10,5235,10,0,10
980,987.0,5432,9,5432,9,0,9
981,988.0,5220,7,5220,7,0,7
982,989.0,5390,4,5390,4,0,4
983,990.0,5422,6,5422,6,0,6
984,991.0,5306,4,5306,4,0,4
985,992.0,5245,3,5245,3,0,3
986,993.0,5216,4,5216,4,0,4
987,994.0,5316,3,5316,3,0,3
988,995.0,5201,5,5201,5,0,5
989,996.0,5244,4,5244,4,0,4
990,997.0,5282,3,5282,3,0,3
991,998.0,5028,2,5028,2,0,2
992,999.0,5077,6,5077,6,0,6
993,1000.0,5245,5,5245,5,0,5
994,1001.0,5216,7,5216,7,0,7
995,1002.0,5259,1,5259,1,0,1
996,1003.0,5533,4,5533,4,0,4
997,1004.0,5070,5,5070,5,0,5
998,1005.0,5139,3,5139,3,0,3
999,1006.0,5394,4,5394,4,0,4
1000,1007.0,5507,4,5507,4,0,4
1001,1008.0,5323,4,5323,4,0,4
1002,1009.0,5354,2,5354,2,0,2
1003,1010.0,5313,8,5313,8,0,8
1004,1011.0,5395,4,5395,4,0,4
1005,1012.0,5285,2,5285,2,0,2
1006,1013.0,5101,5,5101,5,0,5
1007,1014.0,5191,4,5191,4,0,4
1008,1015.0,5141,5,5141,5,0,5
1009,1016.0,5104,6,5104,6,0,6
1010,1017.0,5161,6,5161,6,0,6
1011,1018.0,5120,5,5120,5,0,5
1012,1019.0,5157,7,5157,7,0,7
1013,1020.0,5358,3,5358,3,0,3
1014,1021.0,5387,6,5387,6,0,6
1015,1022.0,5293,1,5293,1,0,1
1016,1023.0,5245,4,5245,4,0,4
1017,1024.0,5312,7,5312,7,0,7
1018,1025.0,5258,4,5258,4,0,4
1019,1026.0,5960,4,5960,4,0,4
1020,1027.0,4905,4,4905,4,0,4
1021,1028.0,4956,5,4956,5,0,5
1022,1029.0,5146,4,5146,4,0,4
1023,1030.0,5465,4,5465,4,0,4
1024,1031.0,5251,3,5251,3,0,3
1025,1032.0,5152,5,5152,5,0,5
1026,1033.0,5114,2,5114,2,0,2
1027,1034.0,5174,4,5174,4,0,4
1028,1035.0,5325,3,5325,3,0,3
1029,1036.0,5250,7,5250,7,0,7
1030,1037.0,5451,5,5451,5,0,5
1031,1038.0,4901,4,4901,4,0,4
1032,1039.0,5338,6,5338,6,0,6
1033,1040.0,5240,2,5240,2,0,2
1034,1041.0,5384,8,5384,8,0,8
1035,1042.0,5259,6,5259,6,0,6
1036,1043.0,5327,1,5327,1,0,1
1037,1044.0,5133,3,5133,3,0,3
1038,1045.0,5202,7,5202,7,0,7
1039,1046.0,5192,3,5192,3,0,3
1040,1047.0,5165,3,5165,3,0,3
1041,1048.0,5113,2,5113,2,0,2
1042,1049.0,5017,4,5017,4,0,4
1043,1050.0,4998,2,4998,2,0,2
1044,1051.0,5170,4,5170,4,0,4
1045,1052.0,5114,9,5114,9,0,9
1046,1053.0,5244,3,5244,3,0,3
1047,1054.0,5659,8,5659,8,0,8
1048,1055.0,4886,6,4886,6,0,6
1049,1056.0,5149,10,5149,10,0,10
1050,1057.0,5242,6,5242,6,0,6
1051,1058.0,5229,7,5229,7,0,7
1052,1059.0,5102,2,5102,2,0,2
1053,1060.0,5428,3,5428,3,0,3
1054,1061.0,5331,8,5331,8,0,8
1055,1062.0,5330,6,5330,6,0,6
1056,1063.0,5184,5,5184,5,0,5
1057,1064.0,5040,3,5040,3,0,3
1058,1065.0,5103,2,5103,2,0,2
1059,1066.0,5267,3,5267,3,0,3
1060,1067.0,5432,5,5432,5,0,5
1061,1068.0,5140,3,5140,3,0,3
1062,1069.0,5355,4,5355,4,0,4
1063,1070.0,5215,3,5215,3,0,3
1064,1071.0,5334,4,5334,4,0,4
1065,1072.0,5156,3,5156,3,0,3
1066,1073.0,5171,1,5171,1,0,1
1067,1074.0,5304,6,5304,6,0,6
1068,1075.0,5188,4,5188,4,0,4
1069,1076.0,5178,4,5178,4,0,4
1070,1077.0,5174,2,5174,2,0,2
1071,1078.0,5110,3,5110,3,0,3
1072,1079.0,5202,2,5202,2,0,2
1073,1080.0,5190,4,5190,4,0,4
1074,1081.0,4140,3,4140,3,0,3
1075,1082.0,4313,5,4313,5,0,5
1076,1083.0,5253,2,5253,2,0,2
1077,1084.0,5092,7,5092,7,0,7
1078,1085.0,4966,6,4966,6,0,6
1079,1086.0,5148,4,5148,4,0,4
1080,1087.0,5009,3,5009,3,0,3
1081,1088.0,5144,2,5144,2,0,2
1082,1089.0,5362,7,5362,7,0,7
1083,1090.0,4908,4,4908,4,0,4
1084,1091.0,5098,8,5098,8,0,8
1085,1092.0,5106,9,5106,9,0,9
1086,1093.0,5110,4,5110,4,0,4
1087,1094.0,5121,6,5121,6,0,6
1088,1095.0,5082,5,5082,5,0,5
1089,1096.0,5204,6,5204,6,0,6
1090,1098.0,4981,8,4981,8,0,8
1091,1099.0,4920,5,4920,5,0,5
1092,1100.0,5528,3,5528,3,0,3
1093,1101.0,4604,7,4604,7,0,7
1094,1102.0,4845,1,4845,1,0,1
1095,1103.0,4993,5,4993,5,0,5
1096,1104.0,4515,7,4515,7,0,7
1097,1105.0,4930,5,4930,5,0,5
1098,1106.0,4879,3,4879,3,0,3
1099,1107.0,5077,5,5077,5,0,5
1100,1108.0,4870,0,4870,0,0,0
1101,1109.0,4818,7,4818,7,0,7
1102,1110.0,4762,3,4762,3,0,3
1103,1111.0,4853,4,4853,4,0,4
1104,1112.0,4683,6,4683,6,0,6
1105,1113.0,4842,3,4842,3,0,3
1106,1114.0,4953,5,4953,5,0,5
1107,1115.0,4856,1,4856,1,0,1
1108,1116.0,4879,3,4879,3,0,3
1109,1117.0,4903,5,4903,5,0,5
1110,1118.0,5138,1,5138,1,0,1
1111,1119.0,4907,5,4907,5,0,5
1112,1120.0,4936,3,4936,3,0,3
1113,1121.0,5199,2,5199,2,0,2
1114,1122.0,4864,2,4864,2,0,2
1115,1123.0,5010,2,5010,2,0,2
1116,1124.0,5004,6,5004,6,0,6
1117,1125.0,5160,6,5160,6,0,6
1118,1126.0,4975,7,4975,7,0,7
1119,1127.0,5065,2,5065,2,0,2
1120,1128.0,5089,7,5089,7,0,7
1121,1129.0,4956,4,4956,4,0,4
1122,1130.0,5120,5,5120,5,0,5
1123,1131.0,4945,2,4945,2,0,2
1124,1132.0,5012,1,5012,1,0,1
1125,1133.0,5126,3,5126,3,0,3
1126,1134.0,5038,4,5038,4,0,4
1127,1135.0,5044,3,5044,3,0,3
1128,1136.0,5101,5,5101,5,0,5
1129,1137.0,5086,3,5086,3,0,3
1130,1138.0,5111,4,5111,4,0,4
1131,1139.0,5086,8,5086,8,0,8
1132,1140.0,5492,3,5492,3,0,3
1133,1141.0,4744,3,4744,3,0,3
1134,1142.0,5096,4,5096,4,0,4
1135,1143.0,4995,3,4995,3,0,3
1136,1144.0,5127,7,5127,7,0,7
1137,1145.0,5078,3,5078,3,0,3
1138,1146.0,5034,2,5034,2,0,2
1139,1147.0,5112,3,5112,3,0,3
1140,1148.0,5016,4,5016,4,0,4
1141,1149.0,5344,3,5344,3,0,3
1142,1150.0,4805,6,4805,6,0,6
1143,1151.0,4883,2,4883,2,0,2
1144,1152.0,4906,4,4906,4,0,4
1145,1153.0,5682,5,5682,5,0,5
1146,1154.0,4804,5,4804,5,0,5
1147,1155.0,4974,6,4974,6,0,6
1148,1156.0,4994,3,4994,3,0,3
1149,1157.0,5006,3,5006,3,0,3
1150,1158.0,5090,3,5090,3,0,3
1151,1159.0,5094,6,5094,6,0,6
1152,1160.0,4883,4,4883,4,0,4
1153,1161.0,5068,5,5068,5,0,5
1154,1162.0,5106,5,5106,5,0,5
1155,1163.0,4798,3,4798,3,0,3
1156,1164.0,4872,3,4872,3,0,3
1157,1165.0,4766,4,4766,4,0,4
1158,1166.0,4921,3,4921,3,0,3
1159,1167.0,4929,7,4929,7,0,7
1160,1168.0,4897,4,4897,4,0,4
1161,1169.0,4906,5,4906,5,0,5
1162,1170.0,4949,4,4949,4,0,4
1163,1171.0,4887,3,4887,3,0,3
1164,1172.0,4733,4,4733,4,0,4
1165,1173.0,4922,3,4922,3,0,3
1166,1174.0,5015,4,5015,4,0,4
1167,1175.0,4615,4,4615,4,0,4
1168,1176.0,4862,7,4862,7,0,7
1169,1177.0,4950,7,4950,7,0,7
1170,1178.0,4994,6,4994,6,0,6
1171,1179.0,4847,7,4847,7,0,7
1172,1180.0,4966,2,4966,2,0,2
1173,1181.0,4743,6,4743,6,0,6
1174,1182.0,4790,2,4790,2,0,2
1175,1183.0,5204,2,5204,2,0,2
1176,1184.0,4712,5,4712,5,0,5
1177,1185.0,4870,2,4870,2,0,2
1178,1186.0,5236,4,5236,4,0,4
1179,1187.0,4568,4,4568,4,0,4
1180,1188.0,5038,1,5038,1,0,1
1181,1189.0,4957,4,4957,4,0,4
1182,1190.0,5588,3,5588,3,0,3
1183,1191.0,4872,3,4872,3,0,3
1184,1192.0,4499,5,4499,5,0,5
1185,1193.0,4940,6,4940,6,0,6
1186,1194.0,4941,4,4941,4,0,4
1187,1195.0,5028,5,5028,5,0,5
1188,1196.0,4848,2,4848,2,0,2
1189,1197.0,4879,2,4879,2,0,2
1190,1198.0,4732,5,4732,5,0,5
1191,1199.0,4966,4,4966,4,0,4
1192,1200.0,4771,2,4771,2,0,2
1193,1201.0,4931,4,4931,4,0,4
1194,1202.0,3952,3,3952,3,0,3
1195,1203.0,4180,2,4180,2,0,2
1196,1204.0,5000,1,5000,1,0,1
1197,1205.0,4888,2,4888,2,0,2
1198,1206.0,4898,3,4898,3,0,3
1199,1207.0,4955,1,4955,1,0,1
1200,1208.0,4799,6,4799,6,0,6
1201,1209.0,4967,5,4967,5,0,5
1202,1210.0,4963,4,4963,4,0,4
1203,1211.0,4815,3,4815,3,0,3
1204,1212.0,4973,2,4973,2,0,2
1205,1213.0,5218,2,5218,2,0,2
1206,1214.0,4681,5,4681,5,0,5
1207,1215.0,5044,6,5044,6,0,6
1208,1216.0,4988,8,4988,8,0,8
1209,1217.0,5526,2,5526,2,0,2
1210,1218.0,4922,3,4922,3,0,3
1211,1219.0,4800,3,4800,3,0,3
1212,1220.0,4959,3,4959,3,0,3
1213,1221.0,4868,1,4868,1,0,1
1214,1222.0,4890,1,4890,1,0,1
1215,1223.0,4947,4,4947,4,0,4
1216,1224.0,5009,4,5009,4,0,4
1217,1225.0,4680,3,4680,3,0,3
1218,1226.0,4801,5,4801,5,0,5
1219,1227.0,4760,7,4760,7,0,7
1220,1228.0,4872,1,4872,1,0,1
1221,1229.0,4882,3,4882,3,0,3
1222,1230.0,5096,3,5096,3,0,3
1223,1231.0,4863,3,4863,3,0,3
1224,1232.0,4969,1,4969,1,0,1
1225,1233.0,4845,2,4845,2,0,2
1226,1234.0,4867,1,4867,1,0,1
1227,1235.0,4793,4,4793,4,0,4
1228,1236.0,5289,2,5289,2,0,2
1229,1237.0,4430,4,4430,4,0,4
1230,1238.0,4876,1,4876,1,0,1
1231,1239.0,5030,3,5030,3,0,3
1232,1240.0,4894,4,4894,4,0,4
1233,1241.0,4985,4,4985,4,0,4
1234,1242.0,5047,4,5047,4,0,4
1235,1243.0,4771,3,4771,3,0,3
1236,1244.0,4790,1,4790,1,0,1
1237,1245.0,5036,4,5036,4,0,4
1238,1246.0,4962,3,4962,3,0,3
1239,1247.0,5275,1,5275,1,0,1
1240,1248.0,4546,4,4546,4,0,4
1241,1249.0,4993,1,4993,1,0,1
1242,1250.0,4886,1,4886,1,0,1
1243,1251.0,4910,5,4910,5,0,5
1244,1252.0,5385,2,5385,2,0,2
1245,1253.0,4576,3,4576,3,0,3
1246,1254.0,4890,1,4890,1,0,1
1247,1255.0,4963,5,4963,5,0,5
1248,1256.0,4992,5,4992,5,0,5
1249,1258.0,4988,3,4988,3,0,3
1250,1259.0,5121,4,5121,4,0,4
1251,1260.0,5043,6,5043,6,0,6
1252,1261.0,5145,5,5145,5,0,5
1253,1262.0,5300,5,5300,5,0,5
1254,1263.0,5248,2,5248,2,0,2
1255,1264.0,5320,4,5320,4,0,4
1256,1265.0,5709,3,5709,3,0,3
1257,1266.0,4714,4,4714,4,0,4
1258,1267.0,4979,3,4979,3,0,3
1259,1268.0,5205,9,5205,9,0,9
1260,1269.0,5156,7,5156,7,0,7
1261,1270.0,5167,3,5167,3,0,3
1262,1271.0,5022,4,5022,4,0,4
1263,1272.0,5287,2,5287,2,0,2
1264,1273.0,5184,3,5184,3,0,3
1265,1274.0,5116,5,5116,5,0,5
1266,1275.0,4929,1,4929,1,0,1
1267,1276.0,5122,5,5122,5,0,5
1268,1277.0,5203,3,5203,3,0,3
1269,1278.0,5220,3,5220,3,0,3
1270,1279.0,5009,1,5009,1,0,1
1271,1280.0,5166,6,5166,6,0,6
1272,1281.0,5054,4,5054,4,0,4
1273,1282.0,5090,7,5090,7,0,7
1274,1283.0,5059,0,5059,0,0,0
1275,1284.0,5126,6,5126,6,1,6
1276,1285.0,5303,5,5303,5,0,5
1277,1286.0,5129,2,5129,2,0,2
1278,1287.0,5543,1,5543,1,0,1
1279,1288.0,4620,7,4620,7,0,7
1280,1289.0,5262,1,5262,1,0,1
1281,1290.0,5128,8,5128,8,0,8
1282,1291.0,5142,4,5142,4,0,4
1283,1292.0,5099,3,5099,3,0,3
1284,1293.0,5148,4,5148,4,0,4
1285,1294.0,4958,6,4958,6,0,6
1286,1295.0,5039,2,5039,2,0,2
1287,1296.0,5438,4,5438,4,0,4
1288,1297.0,4530,4,4530,4,0,4
1289,1298.0,4862,5,4862,5,0,5
1290,1299.0,5074,1,5074,1,0,1
1291,1300.0,5005,6,5005,6,0,6
1292,1301.0,4963,3,4963,3,0,3
1293,1302.0,5030,4,5030,4,0,4
1294,1303.0,5071,4,5071,4,0,4
1295,1304.0,5094,2,5094,2,0,2
1296,1305.0,5066,2,5066,2,0,2
1297,1306.0,4992,2,4992,2,0,2
1298,1307.0,5011,4,5011,4,0,4
1299,1308.0,5511,1,5511,1,0,1
1300,1309.0,5077,2,5077,2,0,2
1301,1310.0,4562,2,4562,2,0,2
1302,1311.0,5025,5,5025,5,0,5
1303,1312.0,5013,4,5013,4,0,4
1304,1313.0,5013,4,5013,4,0,4
1305,1314.0,4991,4,4991,4,0,4
1306,1315.0,4892,4,4892,4,0,4
1307,1316.0,4986,2,4986,2,0,2
1308,1317.0,4985,4,4985,4,0,4
1309,1318.0,4975,5,4975,5,0,5
1310,1319.0,4953,0,4953,0,0,0
1311,1320.0,5058,7,5058,7,0,7
1312,1321.0,5042,1,5042,1,0,1
1313,1322.0,4030,3,4030,3,0,3
1314,1323.0,4651,5,4651,5,0,5
1315,1324.0,4715,2,4715,2,0,2
1316,1325.0,5127,2,5127,2,0,2
1317,1326.0,5275,3,5275,3,0,3
1318,1327.0,5049,5,5049,5,0,5
1319,1328.0,5233,1,5233,1,0,1
1320,1329.0,5368,6,5368,6,0,6
1321,1330.0,5410,6,5410,6,0,6
1322,1331.0,5101,4,5101,4,0,4
1323,1332.0,4917,3,4917,3,0,3
1324,1333.0,5140,3,5140,3,0,3
1325,1334.0,5103,2,5103,2,0,2
1326,1335.0,5062,5,5062,5,0,5
1327,1336.0,5159,5,5159,5,0,5
1328,1337.0,5233,4,5233,4,0,4
1329,1338.0,5011,5,5011,5,0,5
1330,1339.0,5329,9,5329,9,0,9
1331,1340.0,5263,7,5263,7,0,7
1332,1341.0,4964,6,4964,6,0,6
1333,1342.0,5206,3,5206,3,0,3
1334,1343.0,5035,4,5035,4,0,4
1335,1344.0,5087,1,5087,1,0,1
1336,1345.0,5366,6,5366,6,0,6
1337,1346.0,5002,3,5002,3,0,3
1338,1347.0,4790,5,4790,5,0,5
1339,1348.0,5218,5,5218,5,0,5
1340,1349.0,4922,5,4922,5,0,5
1341,1350.0,5014,6,5014,6,0,6
1342,1351.0,5066,5,5066,5,0,5
1343,1352.0,4859,2,4859,2,0,2
1344,1353.0,4910,5,4910,5,0,5
1345,1354.0,4784,4,4784,4,0,4
1346,1355.0,4699,3,4699,3,0,3
1347,1356.0,4778,2,4778,2,0,2
1348,1357.0,4886,4,4886,4,0,4
1349,1358.0,5004,1,5004,1,0,1
1350,1359.0,4856,8,4856,8,0,8
1351,1360.0,4872,1,4872,1,0,1
1352,1361.0,4774,5,4774,5,0,5
1353,1362.0,4897,3,4897,3,0,3
1354,1363.0,4886,2,4886,2,0,2
1355,1364.0,5028,3,5028,3,0,3
1356,1365.0,4977,3,4977,3,0,3
1357,1366.0,5172,6,5172,6,0,6
1358,1367.0,5008,2,5008,2,0,2
1359,1368.0,5148,2,5148,2,0,2
1360,1369.0,5054,1,5054,1,0,1
1361,1370.0,4922,6,4922,6,0,6
1362,1371.0,5025,0,5025,0,0,0
1363,1372.0,4985,3,4985,3,0,3
1364,1373.0,4977,4,4977,4,0,4
1365,1374.0,5170,3,5170,3,0,3
1366,1375.0,5223,2,5223,2,0,2
1367,1376.0,5031,4,5031,4,0,4
1368,1377.0,5037,2,5037,2,0,2
1369,1378.0,5122,5,5122,5,0,5
1370,1379.0,4960,5,4960,5,0,5
1371,1380.0,5185,6,5185,6,0,6
1372,1381.0,5272,1,5272,1,0,1
1373,1382.0,5383,2,5383,2,0,2
1374,1383.0,5104,1,5104,1,0,1
1375,1384.0,4695,5,4695,5,0,5
1376,1385.0,5241,0,5241,0,0,0
1377,1386.0,4922,5,4922,5,0,5
1378,1387.0,4857,3,4857,3,0,3
1379,1388.0,4671,5,4671,5,0,5
1380,1389.0,4579,4,4579,4,0,4
1381,1390.0,4872,4,4872,4,0,4
1382,1391.0,4925,4,4925,4,0,4
1383,1392.0,5115,3,5115,3,0,3
1384,1393.0,4802,3,4802,3,0,3
1385,1394.0,4835,5,4835,5,0,5
1386,1395.0,4866,4,4866,4,0,4
1387,1396.0,4958,6,4958,6,0,6
1388,1397.0,5009,6,5009,6,0,6
1389,1398.0,4886,4,4886,4,0,4
1390,1399.0,5483,5,5483,5,0,5
1391,1400.0,4364,3,4364,3,0,3
1392,1401.0,5004,5,5004,5,0,5
1393,1402.0,5333,2,5333,2,0,2
1394,1403.0,4583,2,4583,2,0,2
1395,1404.0,4551,5,4551,5,0,5
1396,1405.0,5064,4,5064,4,0,4
1397,1406.0,4701,1,4701,1,0,1
1398,1407.0,4941,1,4941,1,0,1
1399,1408.0,4981,5,4981,5,0,5
1400,1409.0,5005,5,5005,5,0,5
1401,1410.0,4919,5,4919,5,0,5
1402,1412.0,4869,5,4869,5,0,5
1403,1413.0,4937,2,4937,2,0,2
1404,1414.0,4963,6,4963,6,0,6
1405,1415.0,4883,3,4883,3,0,3
1406,1416.0,4732,3,4732,3,0,3
1407,1417.0,4871,3,4871,3,0,3
1408,1418.0,4836,3,4836,3,0,3
1409,1419.0,4810,4,4810,4,0,4
1410,1420.0,4791,5,4791,5,0,5
1411,1421.0,4916,3,4916,3,0,3
1412,1422.0,4615,3,4615,3,0,3
1413,1423.0,5005,4,5005,4,0,4
1414,1424.0,4859,7,4859,7,0,7
1415,1425.0,5120,7,5120,7,0,7
1416,1426.0,4763,1,4763,1,0,1
1417,1427.0,4859,3,4859,3,0,3
1418,1428.0,4947,5,4947,5,0,5
1419,1429.0,4784,5,4784,5,0,5
1420,1430.0,4738,2,4738,2,0,2
1421,1431.0,4809,4,4809,4,0,4
1422,1432.0,4830,3,4830,3,0,3
1423,1433.0,4879,4,4879,4,0,4
1424,1434.0,4859,5,4859,5,0,5
1425,1435.0,4910,5,4910,5,0,5
1426,1436.0,4889,2,4889,2,0,2
1427,1437.0,4941,3,4941,3,0,3
1428,1438.0,4852,6,4852,6,0,6
1429,1439.0,4862,0,4862,0,0,0
1430,1440.0,4866,1,4866,1,0,1
1431,1441.0,5064,3,5064,3,0,3
1432,1442.0,3622,2,3622,2,0,2
1433,1443.0,4594,3,4594,3,0,3
1434,1444.0,4457,3,4457,3,0,3
1435,1445.0,4961,5,4961,5,0,5
1436,1446.0,5040,1,5040,1,0,1
1437,1447.0,4915,3,4915,3,0,3
1438,1448.0,4822,5,4822,5,0,5
1439,1449.0,4932,6,4932,6,0,6
1440,1450.0,4847,2,4847,2,0,2
1441,1451.0,5235,3,5235,3,0,3
1442,1452.0,4677,5,4677,5,0,5
1443,1453.0,4914,3,4914,3,0,3
1444,1454.0,4941,2,4941,2,0,2
1445,1455.0,5056,4,5056,4,0,4
1446,1456.0,5049,6,5049,6,0,6
1447,1457.0,5537,10,5537,10,0,10
1448,1458.0,4528,4,4528,4,0,4
1449,1459.0,5894,4,5894,4,0,4
1450,1460.0,4898,3,4898,3,0,3
1451,1461.0,5090,9,5090,9,0,9
1452,1462.0,5155,9,5155,9,0,9
1453,1463.0,4755,3,4755,3,0,3
1454,1464.0,4805,5,4805,5,0,5
1455,1465.0,5152,3,5152,3,0,3
1456,1466.0,5091,7,5091,7,0,7
1457,1467.0,5031,6,5031,6,0,6
1458,1468.0,5019,4,5019,4,0,4
1459,1469.0,5057,3,5057,3,0,3
1460,1470.0,5232,1,5232,1,0,1
1461,1471.0,4922,3,4922,3,0,3
1462,1472.0,4828,2,4828,2,0,2
1463,1473.0,5025,5,5025,5,0,5
1464,1474.0,4779,4,4779,4,0,4
1465,1475.0,4930,8,4930,8,0,8
1466,1476.0,4923,4,4923,4,0,4
1467,1477.0,4811,5,4811,5,0,5
1468,1478.0,4915,7,4915,7,0,7
1469,1479.0,4665,2,4665,2,0,2
1470,1480.0,4874,5,4874,5,0,5
1471,1481.0,4852,4,4852,4,0,4
1472,1482.0,4819,3,4819,3,0,3
1473,1483.0,4823,9,4823,9,0,9
1474,1484.0,4759,3,4759,3,0,3
1475,1485.0,4937,4,4937,4,0,4
1476,1486.0,4686,5,4686,5,0,5
1477,1487.0,4777,4,4777,4,0,4
1478,1488.0,4716,6,4716,6,0,6
1479,1489.0,5222,7,5222,7,0,7
1480,1490.0,4279,1,4279,1,0,1
1481,1491.0,4767,8,4767,8,0,8
1482,1492.0,4852,6,4852,6,0,6
1483,1493.0,4884,3,4884,3,0,3
1484,1494.0,4717,3,4717,3,0,3
1485,1495.0,4810,6,4810,6,0,6
1486,1496.0,4867,3,4867,3,0,3
1487,1497.0,4946,4,4946,4,0,4
1488,1498.0,4847,4,4847,4,0,4
1489,1499.0,4826,6,4826,6,0,6
1490,1500.0,4775,4,4775,4,0,4
1491,1501.0,4680,2,4680,2,0,2
1492,1502.0,4788,2,4788,2,0,2
1493,1503.0,4877,6,4877,6,0,6
1494,1504.0,4720,5,4720,5,0,5
1495,1505.0,4832,5,4832,5,0,5
1496,1506.0,4880,4,4880,4,0,4
1497,1507.0,4958,6,4958,6,0,6
1498,1508.0,4703,7,4703,7,0,7
1499,1509.0,4819,5,4819,5,0,5
1500,1510.0,4843,6,4843,6,0,6
1501,1511.0,4843,4,4843,4,0,4
1502,1512.0,5066,10,5066,10,0,10
1503,1513.0,4998,3,4998,3,0,3
1504,1514.0,4991,3,4991,3,0,3
1505,1515.0,4993,0,4993,0,0,0
1506,1516.0,5155,9,5155,9,0,9
1507,1517.0,5128,4,5128,4,0,4
1508,1518.0,4899,2,4899,2,0,2
1509,1519.0,5431,5,5431,5,0,5
1510,1520.0,4766,5,4766,5,0,5
1511,1521.0,5013,4,5013,4,0,4
1512,1522.0,4997,3,4997,3,0,3
1513,1523.0,4820,5,4820,5,0,5
1514,1524.0,4950,5,4950,5,0,5
1515,1525.0,4966,2,4966,2,0,2
1516,1526.0,5369,3,5369,3,0,3
1517,1527.0,4732,4,4732,4,0,4
1518,1528.0,4679,4,4679,4,0,4
1519,1529.0,4805,5,4805,5,0,5
1520,1530.0,4820,5,4820,5,0,5
1521,1531.0,4940,1,4940,1,0,1
1522,1532.0,5075,5,5075,5,0,5
1523,1533.0,4865,4,4865,4,0,4
1524,1534.0,4790,3,4790,3,0,3
1525,1535.0,4863,5,4863,5,0,5
1526,1536.0,5196,4,5196,4,0,4
1527,1537.0,4833,5,4833,5,0,5
1528,1538.0,4987,4,4987,4,0,4
1529,1539.0,4867,1,4867,1,0,1
1530,1540.0,4895,1,4895,1,0,1
1531,1541.0,4881,5,4881,5,0,5
1532,1542.0,4812,8,4812,8,0,8
1533,1543.0,4880,5,4880,5,0,5
1534,1544.0,5007,2,5007,2,0,2
1535,1545.0,4825,6,4825,6,0,6
1536,1546.0,4858,3,4858,3,0,3
1537,1547.0,4976,2,4976,2,0,2
1538,1548.0,4963,2,4963,2,0,2
1539,1549.0,5353,4,5353,4,0,4
1540,1550.0,4439,6,4439,6,0,6
1541,1551.0,5290,3,5290,3,0,3
1542,1552.0,4813,6,4813,6,0,6
1543,1553.0,4810,7,4810,7,0,7
1544,1554.0,5098,3,5098,3,0,3
1545,1555.0,5089,4,5089,4,0,4
1546,1556.0,5140,7,5140,7,0,7
1547,1557.0,5118,0,5118,0,0,0
1548,1558.0,5132,3,5132,3,0,3
1549,1559.0,5020,2,5020,2,0,2
1550,1560.0,5189,4,5189,4,0,4
1551,1561.0,4776,0,4776,0,0,0
1552,1562.0,4196,4,4196,4,0,4
1553,1563.0,4567,4,4567,4,0,4
1554,1564.0,4663,3,4663,3,0,3
1555,1565.0,5022,1,5022,1,0,1
1556,1567.0,4941,6,4941,6,0,6
1557,1568.0,4857,7,4857,7,0,7
1558,1569.0,4648,4,4648,4,0,4
1559,1570.0,4991,2,4991,2,0,2
1560,1571.0,4837,1,4837,1,0,1
1561,1572.0,4961,3,4961,3,0,3
1562,1573.0,4999,2,4999,2,0,2
1563,1574.0,5111,7,5111,7,0,7
1564,1575.0,4910,7,4910,7,0,7
1565,1576.0,5043,5,5043,5,0,5
1566,1577.0,4933,3,4933,3,0,3
1567,1578.0,4899,4,4899,4,0,4
1568,1579.0,5119,4,5119,4,0,4
1569,1580.0,4984,1,4984,1,0,1
1570,1581.0,5079,2,5079,2,0,2
1571,1582.0,5070,3,5070,3,0,3
1572,1583.0,5096,3,5096,3,0,3
1573,1584.0,4860,7,4860,7,0,7
1574,1585.0,5025,5,5025,5,0,5
1575,1586.0,5031,2,5031,2,0,2
1576,1587.0,4729,6,4729,6,0,6
1577,1588.0,4953,4,4953,4,0,4
1578,1589.0,4848,3,4848,3,0,3
1579,1590.0,4880,1,4880,1,0,1
1580,1591.0,4776,4,4776,4,0,4
1581,1592.0,4846,1,4846,1,0,1
1582,1593.0,4907,4,4907,4,0,4
1583,1594.0,5324,0,5324,0,0,0
1584,1595.0,4594,2,4594,2,0,2
1585,1596.0,4569,3,4569,3,0,3
1586,1597.0,4549,5,4549,5,0,5
1587,1598.0,4769,3,4769,3,0,3
1588,1599.0,5000,5,5000,5,0,5
1589,1600.0,4748,2,4748,2,0,2
1590,1601.0,4780,3,4780,3,0,3
1591,1602.0,4755,4,4755,4,0,4
1592,1603.0,4845,2,4845,2,0,2
1593,1604.0,4760,1,4760,1,0,1
1594,1605.0,4764,4,4764,4,0,4
1595,1606.0,5191,5,5191,5,0,5
1596,1607.0,4443,3,4443,3,0,3
1597,1608.0,4665,4,4665,4,0,4
1598,1609.0,4864,2,4864,2,0,2
1599,1610.0,4893,1,4893,1,0,1
1600,1611.0,4679,3,4679,3,0,3
1601,1612.0,4621,5,4621,5,0,5
1602,1613.0,4879,4,4879,4,0,4
1603,1614.0,4781,3,4781,3,0,3
1604,1615.0,4871,4,4871,4,0,4
1605,1616.0,4792,7,4792,7,0,7
1606,1617.0,4994,2,4994,2,0,2
1607,1618.0,4826,5,4826,5,0,5
1608,1619.0,4880,3,4880,3,0,3
1609,1620.0,4879,3,4879,3,0,3
1610,1621.0,4832,3,4832,3,0,3
1611,1622.0,4900,0,4900,0,0,0
1612,1623.0,4741,1,4741,1,0,1
1613,1624.0,4850,3,4850,3,0,3
1614,1625.0,4818,2,4818,2,0,2
1615,1626.0,4704,1,4704,1,0,1
1616,1627.0,4651,5,4651,5,0,5
1617,1628.0,4815,2,4815,2,0,2
1618,1629.0,4789,1,4789,1,0,1
1619,1630.0,4701,3,4701,3,0,3
1620,1631.0,4662,2,4662,2,0,2
1621,1632.0,4619,4,4619,4,0,4
1622,1633.0,4692,4,4692,4,0,4
1623,1634.0,4684,2,4684,2,0,2
1624,1635.0,4630,3,4630,3,0,3
1625,1636.0,4690,2,4690,2,0,2
1626,1637.0,4754,2,4754,2,0,2
1627,1638.0,4610,5,4610,5,0,5
1628,1639.0,4744,3,4744,3,0,3
1629,1640.0,4842,46,4842,46,0,46
1630,1641.0,4867,10,4867,10,0,10
1631,1642.0,5088,4,5088,4,0,4
1632,1643.0,4476,3,4476,3,0,3
1633,1644.0,4659,14,4659,14,0,14
1634,1645.0,4818,23,4818,23,0,23
1635,1646.0,5568,8,5568,8,0,8
1636,1647.0,4710,7,4710,7,0,7
1637,1648.0,4790,3,4790,3,0,3
1638,1649.0,4792,6,4792,6,0,6
1639,1650.0,4173,18,4173,18,0,18
1640,1651.0,5426,6,5426,6,0,6
1641,1652.0,4848,3,4848,3,0,3
1642,1653.0,4874,2,4874,2,0,2
1643,1654.0,4725,4,4725,4,0,4
1644,1655.0,4858,7,4858,7,0,7
1645,1656.0,4787,4,4787,4,0,4
1646,1657.0,4712,8,4712,8,0,8
1647,1658.0,4723,4,4723,4,0,4
1648,1659.0,4774,3,4774,3,0,3
1649,1660.0,4746,5,4746,5,0,5
1650,1661.0,4847,4,4847,4,0,4
1651,1662.0,4747,4,4747,4,0,4
1652,1663.0,4829,5,4829,5,0,5
1653,1664.0,4904,3,4904,3,0,3
1654,1665.0,4982,4,4982,4,0,4
1655,1666.0,4754,6,4754,6,0,6
1656,1667.0,4885,4,4885,4,0,4
1657,1668.0,4757,4,4757,4,0,4
1658,1669.0,4848,1,4848,1,0,1
1659,1670.0,4800,5,4800,5,0,5
1660,1671.0,4860,1,4860,1,0,1
1661,1672.0,4762,4,4762,4,0,4
1662,1673.0,4793,5,4793,5,0,5
1663,1674.0,4765,4,4765,4,0,4
1664,1675.0,4804,3,4804,3,0,3
1665,1676.0,5015,3,5015,3,0,3
1666,1677.0,4942,3,4942,3,0,3
1667,1678.0,5014,2,5014,2,0,2
1668,1679.0,4906,0,4906,0,0,0
1669,1680.0,4937,3,4937,3,0,3
1670,1681.0,4991,2,4991,2,0,2
1671,1682.0,3131,5,3131,5,0,5
1672,1683.0,5102,3,5102,3,0,3
1673,1684.0,5034,3,5034,3,0,3
1674,1685.0,4889,6,4889,6,0,6
1675,1686.0,5024,5,5024,5,0,5
1676,1687.0,4950,4,4950,4,0,4
1677,1688.0,5058,2,5058,2,0,2
1678,1689.0,4961,4,4961,4,0,4
1679,1690.0,4840,3,4840,3,0,3
1680,1691.0,4934,5,4934,5,0,5
1681,1692.0,5010,7,5010,7,0,7
1682,1693.0,4842,3,4842,3,0,3
1683,1694.0,4763,4,4763,4,0,4
1684,1695.0,4912,2,4912,2,0,2
1685,1696.0,4793,3,4793,3,0,3
1686,1697.0,4675,6,4675,6,0,6
1687,1698.0,4708,3,4708,3,0,3
1688,1699.0,4740,4,4740,4,0,4
1689,1700.0,4825,3,4825,3,0,3
1690,1701.0,4749,5,4749,5,0,5
1691,1702.0,4862,2,4862,2,0,2
1692,1703.0,4810,6,4810,6,0,6
1693,1705.0,4805,1,4805,1,0,1
1694,1706.0,4663,3,4663,3,0,3
1695,1707.0,4638,2,4638,2,0,2
1696,1708.0,4724,5,4724,5,0,5
1697,1709.0,4796,5,4796,5,0,5
1698,1710.0,4814,3,4814,3,0,3
1699,1711.0,4713,5,4713,5,0,5
1700,1712.0,4778,5,4778,5,0,5
1701,1713.0,4785,5,4785,5,0,5
1702,1714.0,4683,2,4683,2,0,2
1703,1715.0,4801,5,4801,5,0,5
1704,1716.0,4628,1,4628,1,0,1
1705,1717.0,4623,4,4623,4,0,4
1706,1718.0,4661,3,4661,3,0,3
1707,1719.0,4703,4,4703,4,0,4
1708,1720.0,4520,4,4520,4,0,4
1709,1721.0,4549,4,4549,4,0,4
1710,1722.0,4686,3,4686,3,0,3
1711,1723.0,4663,3,4663,3,0,3
1712,1724.0,4581,2,4581,2,0,2
1713,1725.0,4757,2,4757,2,0,2
1714,1726.0,4766,4,4766,4,0,4
1715,1727.0,4686,4,4686,4,0,4
1716,1728.0,4746,2,4746,2,0,2
1717,1729.0,4722,4,4722,4,0,4
1718,1730.0,4686,4,4686,4,0,4
1719,1731.0,4664,3,4664,3,0,3
1720,1732.0,4792,3,4792,3,0,3
1721,1733.0,4759,4,4759,4,0,4
1722,1734.0,4711,6,4711,6,0,6
1723,1735.0,4688,4,4688,4,0,4
1724,1736.0,4797,1,4797,1,0,1
1725,1737.0,4789,2,4789,2,0,2
1726,1738.0,4938,3,4938,3,0,3
1727,1739.0,5074,2,5074,2,0,2
1728,1740.0,4993,4,4993,4,0,4
1729,1741.0,4956,2,4956,2,0,2
1730,1742.0,4810,2,4810,2,0,2
1731,1743.0,4849,3,4849,3,0,3
1732,1744.0,4804,2,4804,2,0,2
1733,1745.0,4907,5,4907,5,0,5
1734,1746.0,4859,2,4859,2,0,2
1735,1747.0,4749,2,4749,2,0,2
1736,1748.0,4766,6,4766,6,0,6
1737,1749.0,4708,1,4708,1,0,1
1738,1750.0,4741,5,4741,5,0,5
1739,1751.0,4608,4,4608,4,0,4
1740,1752.0,4735,6,4735,6,0,6
1741,1753.0,4743,2,4743,2,0,2
1742,1754.0,4814,3,4814,3,0,3
1743,1755.0,4669,4,4669,4,0,4
1744,1756.0,4597,2,4597,2,0,2
1745,1757.0,4586,3,4586,3,0,3
1746,1758.0,4619,4,4619,4,0,4
1747,1759.0,4745,7,4745,7,0,7
1748,1760.0,4639,7,4639,7,0,7
1749,1761.0,4544,6,4544,6,0,6
1750,1762.0,4605,5,4605,5,0,5
1751,1763.0,4585,3,4585,3,0,3
1752,1764.0,4574,4,4574,4,0,4
1753,1765.0,4555,4,4555,4,0,4
1754,1766.0,4646,7,4646,7,0,7
1755,1767.0,4564,3,4564,3,0,3
1756,1768.0,4608,8,4608,8,0,8
1757,1769.0,4619,4,4619,4,0,4
1758,1770.0,4499,4,4499,4,0,4
1759,1771.0,4529,3,4529,3,0,3
1760,1772.0,4381,6,4381,6,0,6
1761,1773.0,4565,4,4565,4,0,4
1762,1774.0,4460,0,4460,0,0,0
1763,1775.0,4492,1,4492,1,0,1
1764,1776.0,4468,8,4468,8,0,8
1765,1777.0,4548,6,4548,6,0,6
1766,1778.0,4653,5,4653,5,0,5
1767,1779.0,4740,2,4740,2,0,2
1768,1780.0,4844,3,4844,3,0,3
1769,1781.0,4979,0,4979,0,0,0
1770,1782.0,4827,3,4827,3,0,3
1771,1783.0,4813,1,4813,1,0,1
1772,1784.0,4887,4,4887,4,0,4
1773,1785.0,4971,7,4971,7,0,7
1774,1786.0,4992,4,4992,4,0,4
1775,1787.0,5045,6,5045,6,0,6
1776,1788.0,5010,3,5010,3,0,3
1777,1789.0,4941,3,4941,3,0,3
1778,1790.0,4964,4,4964,4,0,4
1779,1791.0,4944,3,4944,3,0,3
1780,1792.0,4907,2,4907,2,0,2
1781,1793.0,4803,3,4803,3,0,3
1782,1794.0,4834,4,4834,4,0,4
1783,1795.0,4803,1,4803,1,0,1
1784,1796.0,5047,5,5047,5,0,5
1785,1797.0,5005,4,5005,4,0,4
1786,1798.0,4909,1,4909,1,0,1
1787,1799.0,4877,4,4877,4,0,4
1788,1800.0,4899,4,4899,4,0,4
1789,1801.0,4819,0,4819,0,0,0
1790,1802.0,3196,2,3196,2,0,2
1791,1803.0,4838,4,4838,4,0,4
1792,1804.0,5014,3,5014,3,0,3
1793,1805.0,4813,2,4813,2,0,2
1794,1806.0,4666,3,4666,3,0,3
1795,1807.0,4524,4,4524,4,0,4
1796,1808.0,4624,6,4624,6,0,6
1797,1809.0,4754,2,4754,2,0,2
1798,1810.0,4664,3,4664,3,0,3
1799,1811.0,4675,0,4675,0,0,0
1800,1812.0,4569,2,4569,2,0,2
1801,1813.0,4700,3,4700,3,0,3
1802,1814.0,4801,3,4801,3,0,3
1803,1815.0,4771,5,4771,5,0,5
1804,1816.0,4691,5,4691,5,0,5
1805,1817.0,4565,5,4565,5,0,5
1806,1818.0,4819,6,4819,6,0,6
1807,1819.0,4713,4,4713,4,0,4
1808,1820.0,4789,2,4789,2,0,2
1809,1821.0,4984,4,4984,4,0,4
1810,1822.0,4540,6,4540,6,0,6
1811,1823.0,4754,1,4754,1,0,1
1812,1824.0,4857,6,4857,6,0,6
1813,1825.0,4789,6,4789,6,0,6
1814,1826.0,4824,3,4824,3,0,3
1815,1827.0,4838,4,4838,4,0,4
1816,1828.0,4829,5,4829,5,0,5
1817,1829.0,4806,2,4806,2,0,2
1818,1830.0,4838,2,4838,2,0,2
1819,1831.0,4855,4,4855,4,0,4
1820,1832.0,4689,1,4689,1,0,1
1821,1833.0,4673,3,4673,3,0,3
1822,1834.0,4735,3,4735,3,0,3
1823,1835.0,4812,2,4812,2,0,2
1824,1836.0,4748,4,4748,4,0,4
1825,1837.0,4723,7,4723,7,0,7
1826,1838.0,4787,4,4787,4,0,4
1827,1839.0,4828,2,4828,2,0,2
1828,1840.0,4875,2,4875,2,0,2
1829,1841.0,4789,3,4789,3,0,3
1830,1842.0,4878,7,4878,7,0,7
1831,1843.0,4804,7,4804,7,0,7
1832,1844.0,4900,57,4900,57,2,57
1833,1845.0,4130,18,4130,18,0,18
1834,1846.0,5342,10,5342,10,0,10
1835,1847.0,4715,9,4715,9,0,9
1836,1848.0,4924,3,4924,3,0,3
1837,1849.0,4678,1,4678,1,0,1
1838,1850.0,4655,10,4655,10,0,10
1839,1851.0,4721,4,4721,4,0,4
1840,1852.0,4666,5,4666,5,0,5
1841,1853.0,4665,4,4665,4,0,4
1842,1855.0,4676,26,4676,26,0,26
1843,1856.0,4600,10,4600,10,0,10
1844,1857.0,4628,7,4628,7,0,7
1845,1858.0,4731,4,4731,4,0,4
1846,1859.0,4558,10,4558,10,0,10
1847,1860.0,4700,8,4700,8,0,8
1848,1861.0,4594,1,4594,1,0,1
1849,1862.0,4638,2,4638,2,0,2
1850,1863.0,4583,0,4583,0,0,0
1851,1864.0,4622,4,4622,4,0,4
1852,1865.0,4584,2,4584,2,0,2
1853,1866.0,4670,8,4670,8,0,8
1854,1867.0,4593,1,4593,1,0,1
1855,1868.0,4617,7,4617,7,0,7
1856,1869.0,4673,2,4673,2,0,2
1857,1870.0,4693,3,4693,3,0,3
1858,1871.0,4865,5,4865,5,0,5
1859,1872.0,4569,1,4569,1,0,1
1860,1873.0,4811,2,4811,2,0,2
1861,1874.0,4588,2,4588,2,0,2
1862,1875.0,4622,3,4622,3,0,3
1863,1876.0,4595,3,4595,3,0,3
1864,1877.0,4604,0,4604,0,0,0
1865,1878.0,4731,3,4731,3,0,3
1866,1879.0,4674,3,4674,3,0,3
1867,1880.0,4569,3,4569,3,0,3
1868,1881.0,4627,2,4627,2,0,2
1869,1882.0,4520,4,4520,4,0,4
1870,1883.0,4654,4,4654,4,0,4
1871,1884.0,4653,4,4653,4,0,4
1872,1885.0,4651,7,4651,7,0,7
1873,1886.0,4624,2,4624,2,0,2
1874,1887.0,4509,3,4509,3,0,3
1875,1888.0,4473,4,4473,4,0,4
1876,1889.0,4645,2,4645,2,0,2
1877,1890.0,4616,3,4616,3,0,3
1878,1891.0,4743,3,4743,3,0,3
1879,1892.0,4521,3,4521,3,0,3
1880,1893.0,4725,5,4725,5,0,5
1881,1894.0,4713,7,4713,7,0,7
1882,1895.0,4768,3,4768,3,0,3
1883,1896.0,4648,4,4648,4,0,4
1884,1897.0,4647,6,4647,6,0,6
1885,1898.0,4609,7,4609,7,0,7
1886,1899.0,4561,2,4561,2,0,2
1887,1900.0,4629,4,4629,4,0,4
1888,1901.0,4585,4,4585,4,0,4
1889,1902.0,4659,6,4659,6,0,6
1890,1903.0,4542,3,4542,3,0,3
1891,1904.0,4521,4,4521,4,0,4
1892,1905.0,4592,4,4592,4,0,4
1893,1906.0,4551,4,4551,4,0,4
1894,1907.0,4612,3,4612,3,0,3
1895,1908.0,4579,0,4579,0,0,0
1896,1909.0,4697,3,4697,3,0,3
1897,1910.0,4794,1,4794,1,0,1
1898,1911.0,4611,0,4611,0,0,0
1899,1912.0,4583,3,4583,3,0,3
1900,1913.0,4656,4,4656,4,0,4
1901,1914.0,4841,2,4841,2,0,2
1902,1915.0,4918,40,4918,40,1,40
1903,1916.0,4498,8,4498,8,0,8
1904,1917.0,5028,6,5028,6,1,6
1905,1918.0,4800,6,4800,6,0,6
1906,1919.0,4243,15,4243,15,2,15
1907,1920.0,5090,4,5090,4,0,4
1908,1921.0,4313,5,4313,5,0,5
1909,1922.0,3525,4,3525,4,0,4
1910,1923.0,4322,7,4322,7,0,7
1911,1924.0,4802,5,4802,5,0,5
1912,1925.0,4805,2,4805,2,0,2
1913,1926.0,4653,3,4653,3,0,3
1914,1927.0,4758,3,4758,3,0,3
1915,1928.0,4872,5,4872,5,0,5
1916,1929.0,4813,4,4813,4,0,4
1917,1930.0,4871,6,4871,6,0,6
1918,1931.0,4778,6,4778,6,0,6
1919,1932.0,4619,2,4619,2,0,2
1920,1933.0,4793,4,4793,4,0,4
1921,1934.0,4797,3,4797,3,0,3
1922,1935.0,4764,4,4764,4,0,4
1923,1936.0,4787,4,4787,4,0,4
1924,1937.0,4665,1,4665,1,0,1
1925,1938.0,4608,5,4608,5,0,5
1926,1939.0,4569,1,4569,1,0,1
1927,1940.0,4560,6,4560,6,0,6
1928,1941.0,4462,5,4462,5,0,5
1929,1942.0,4516,5,4516,5,0,5
1930,1943.0,4595,3,4595,3,0,3
1931,1944.0,4500,0,4500,0,0,0
1932,1945.0,4662,5,4662,5,0,5
1933,1946.0,4475,2,4475,2,0,2
1934,1947.0,4493,1,4493,1,0,1
1935,1948.0,4562,3,4562,3,0,3
1936,1949.0,4383,3,4383,3,0,3
1937,1950.0,4387,1,4387,1,0,1
1938,1951.0,4446,6,4446,6,0,6
1939,1952.0,4661,1,4661,1,0,1
1940,1953.0,4622,4,4622,4,0,4
1941,1954.0,4558,3,4558,3,0,3
1942,1955.0,4670,6,4670,6,0,6
1943,1956.0,4647,2,4647,2,0,2
1944,1957.0,4696,1,4696,1,0,1
1945,1958.0,4776,1,4776,1,0,1
1946,1959.0,4702,5,4702,5,0,5
1947,1960.0,4699,4,4699,4,0,4
1948,1961.0,4639,3,4639,3,0,3
1949,1962.0,4663,5,4663,5,0,5
1950,1963.0,4682,1,4682,1,0,1
1951,1964.0,4789,2,4789,2,0,2
1952,1965.0,4828,4,4828,4,0,4
1953,1966.0,4860,3,4860,3,0,3
1954,1967.0,4856,5,4856,5,0,5
1955,1968.0,4955,3,4955,3,0,3
1956,1969.0,4978,5,4978,5,0,5
1957,1970.0,4859,5,4859,5,0,5
1958,1971.0,5041,3,5041,3,0,3
1959,1972.0,4989,6,4989,6,0,6
1960,1973.0,4899,8,4899,8,0,8
1961,1974.0,4969,2,4969,2,0,2
1962,1975.0,4888,2,4888,2,0,2
1963,1976.0,4881,3,4881,3,0,3
1964,1977.0,5093,5,5093,5,0,5
1965,1978.0,5002,7,5002,7,0,7
1966,1979.0,5004,2,5004,2,0,2
1967,1980.0,5066,1,5066,1,0,1
1968,1981.0,5117,2,5117,2,0,2
1969,1982.0,5116,3,5116,3,0,3
1970,1983.0,5083,1,5083,1,0,1
1971,1984.0,5167,4,5167,4,0,4
1972,1985.0,5052,5,5052,5,0,5
1973,1986.0,4866,5,4866,5,0,5
1974,1987.0,5018,1,5018,1,0,1
1975,1988.0,4873,9,4873,9,0,9
1976,1989.0,5022,3,5022,3,0,3
1977,1990.0,5077,6,5077,6,0,6
1978,1991.0,5012,3,5012,3,0,3
1979,1992.0,5017,4,5017,4,0,4
1980,1993.0,4955,4,4955,4,0,4
1981,1994.0,4976,3,4976,3,0,3
1982,1995.0,5069,6,5069,6,0,6
1983,1996.0,4890,2,4890,2,0,2
1984,1997.0,4874,2,4874,2,0,2
1985,1998.0,4918,8,4918,8,0,8
1986,1999.0,4855,3,4855,3,0,3
1987,2000.0,4832,3,4832,3,0,3
1988,2001.0,4796,3,4796,3,0,3
1989,2002.0,4735,4,4735,4,0,4
1990,2003.0,4744,4,4744,4,0,4
1991,2004.0,4715,0,4715,0,0,0
1992,2005.0,4679,3,4679,3,0,3
1993,2006.0,4705,5,4705,5,0,5
1994,2007.0,4740,2,4740,2,0,2
1995,2008.0,4571,4,4571,4,0,4
1996,2009.0,4659,4,4659,4,0,4
1997,2010.0,4787,4,4787,4,0,4
1998,2011.0,4790,5,4790,5,0,5
1999,2012.0,4689,7,4689,7,0,7
2000,2013.0,4873,3,4873,3,0,3
2001,2014.0,4577,1,4577,1,0,1
2002,2015.0,4612,2,4612,2,0,2
2003,2016.0,4810,3,4810,3,0,3
2004,2017.0,4734,3,4734,3,0,3
2005,2018.0,4801,5,4801,5,1,5
2006,2020.0,4796,4,4796,4,0,4
2007,2021.0,4661,6,4661,6,0,6
2008,2022.0,4766,2,4766,2,0,2
2009,2023.0,4737,6,4737,6,0,6
2010,2024.0,4558,1,4558,1,0,1
2011,2025.0,4882,6,4882,6,0,6
2012,2026.0,4659,5,4659,5,0,5
2013,2027.0,4689,1,4689,1,0,1
2014,2028.0,4726,5,4726,5,0,5
2015,2029.0,4802,4,4802,4,0,4
2016,2030.0,4703,6,4703,6,0,6
2017,2031.0,4689,6,4689,6,0,6
2018,2032.0,4625,3,4625,3,0,3
2019,2033.0,4661,7,4661,7,0,7
2020,2034.0,4546,5,4546,5,0,5
2021,2035.0,4634,4,4634,4,0,4
2022,2036.0,4636,3,4636,3,0,3
2023,2037.0,4654,5,4654,5,0,5
2024,2038.0,4805,2,4805,2,0,2
2025,2039.0,4700,2,4700,2,0,2
2026,2040.0,4753,4,4753,4,0,4
2027,2041.0,4720,4,4720,4,0,4
2028,2042.0,4826,2,4826,2,0,2
2029,2043.0,3111,4,3111,4,0,4
2030,2044.0,4853,4,4853,4,0,4
2031,2045.0,4854,4,4854,4,0,4
2032,2046.0,4959,5,4959,5,0,5
2033,2047.0,4923,2,4923,2,0,2
2034,2048.0,4801,6,4801,6,0,6
2035,2049.0,4695,6,4695,6,0,6
2036,2050.0,4710,3,4710,3,0,3
2037,2051.0,4722,4,4722,4,0,4
2038,2052.0,4793,6,4793,6,0,6
2039,2053.0,4679,3,4679,3,0,3
2040,2054.0,4602,5,4602,5,0,5
2041,2055.0,4719,4,4719,4,0,4
2042,2056.0,4705,3,4705,3,0,3
2043,2057.0,4675,4,4675,4,0,4
2044,2058.0,4654,4,4654,4,0,4
2045,2059.0,4552,6,4552,6,0,6
2046,2060.0,4693,4,4693,4,0,4
2047,2061.0,4670,4,4670,4,0,4
2048,2062.0,4532,0,4532,0,0,0
2049,2063.0,4638,2,4638,2,0,2
2050,2064.0,4480,4,4480,4,0,4
2051,2065.0,4432,2,4432,2,0,2
2052,2066.0,4567,7,4567,7,0,7
2053,2067.0,4478,4,4478,4,0,4
2054,2068.0,4720,3,4720,3,0,3
2055,2069.0,4561,2,4561,2,0,2
2056,2070.0,4519,1,4519,1,0,1
2057,2071.0,4711,4,4711,4,0,4
2058,2072.0,4575,2,4575,2,0,2
2059,2073.0,4642,5,4642,5,0,5
2060,2074.0,4825,5,4825,5,0,5
2061,2075.0,4615,6,4615,6,0,6
2062,2076.0,4711,1,4711,1,0,1
2063,2077.0,4562,5,4562,5,0,5
2064,2078.0,4771,1,4771,1,0,1
2065,2079.0,4582,5,4582,5,0,5
2066,2080.0,4710,3,4710,3,0,3
2067,2081.0,4776,3,4776,3,0,3
2068,2082.0,5028,1,5028,1,0,1
2069,2083.0,4840,4,4840,4,0,4
2070,2084.0,4829,3,4829,3,0,3
2071,2085.0,4741,2,4741,2,0,2
2072,2086.0,4732,4,4732,4,0,4
2073,2087.0,4707,6,4707,6,0,6
2074,2088.0,4575,1,4575,1,0,1
2075,2089.0,4715,4,4715,4,0,4
2076,2090.0,4765,5,4765,5,0,5
2077,2091.0,4673,4,4673,4,0,4
2078,2092.0,4850,7,4850,7,0,7
2079,2093.0,4782,1,4782,1,0,1
2080,2094.0,4667,7,4667,7,0,7
2081,2095.0,4613,6,4613,6,0,6
2082,2096.0,4551,5,4551,5,0,5
2083,2097.0,4683,3,4683,3,0,3
2084,2098.0,4802,2,4802,2,0,2
2085,2099.0,4844,2,4844,2,0,2
2086,2100.0,4732,3,4732,3,0,3
2087,2101.0,4717,2,4717,2,0,2
2088,2102.0,4658,3,4658,3,0,3
2089,2103.0,4624,2,4624,2,0,2
2090,2104.0,4714,2,4714,2,0,2
2091,2105.0,4658,3,4658,3,0,3
2092,2106.0,4733,2,4733,2,0,2
2093,2107.0,4664,3,4664,3,0,3
2094,2108.0,4695,2,4695,2,0,2
2095,2109.0,4788,5,4788,5,0,5
2096,2110.0,4828,5,4828,5,0,5
2097,2111.0,4848,5,4848,5,0,5
2098,2112.0,4608,4,4608,4,0,4
2099,2113.0,4724,5,4724,5,0,5
2100,2114.0,4779,5,4779,5,0,5
2101,2115.0,4723,4,4723,4,0,4
2102,2116.0,4689,3,4689,3,0,3
2103,2117.0,4541,4,4541,4,0,4
2104,2118.0,4686,5,4686,5,0,5
2105,2119.0,4646,7,4646,7,0,7
2106,2120.0,4722,7,4722,7,0,7
2107,2121.0,4623,6,4623,6,0,6
2108,2122.0,4772,6,4772,6,0,6
2109,2123.0,4709,1,4709,1,0,1
2110,2124.0,4576,6,4576,6,0,6
2111,2125.0,4551,5,4551,5,0,5
2112,2126.0,4512,5,4512,5,0,5
2113,2127.0,4662,1,4662,1,0,1
2114,2128.0,4651,4,4651,4,0,4
2115,2129.0,4724,6,4724,6,0,6
2116,2130.0,4471,3,4471,3,0,3
2117,2131.0,4637,4,4637,4,0,4
2118,2132.0,4682,3,4682,3,0,3
2119,2133.0,4584,4,4584,4,0,4
2120,2134.0,4625,1,4625,1,0,1
2121,2135.0,4609,5,4609,5,0,5
2122,2136.0,4602,3,4602,3,0,3
2123,2137.0,4643,4,4643,4,0,4
2124,2138.0,4722,4,4722,4,0,4
2125,2139.0,4686,2,4686,2,0,2
2126,2140.0,4870,4,4870,4,0,4
2127,2141.0,4982,1,4982,1,0,1
2128,2142.0,4777,4,4777,4,0,4
2129,2143.0,4744,4,4744,4,0,4
2130,2144.0,4670,2,4670,2,0,2
2131,2145.0,4764,7,4764,7,0,7
2132,2146.0,4749,3,4749,3,0,3
2133,2147.0,5026,1,5026,1,0,1
2134,2148.0,4756,7,4756,7,0,7
2135,2149.0,4787,2,4787,2,0,2
2136,2150.0,4765,5,4765,5,0,5
2137,2151.0,4691,4,4691,4,0,4
2138,2152.0,4931,5,4931,5,0,5
2139,2153.0,4843,3,4843,3,0,3
2140,2154.0,4803,2,4803,2,0,2
2141,2155.0,4738,7,4738,7,0,7
2142,2156.0,4764,5,4764,5,0,5
2143,2157.0,4779,1,4779,1,0,1
2144,2158.0,4797,3,4797,3,0,3
2145,2159.0,4672,4,4672,4,0,4
2146,2160.0,4642,2,4642,2,0,2
2147,2161.0,4578,4,4578,4,0,4
2148,2162.0,3003,2,3003,2,0,2
2149,2163.0,4519,0,4519,0,0,0
2150,2164.0,4493,1,4493,1,0,1
2151,2165.0,4612,6,4612,6,0,6
2152,2166.0,4640,1,4640,1,0,1
2153,2167.0,4557,0,4557,0,0,0
2154,2168.0,4547,4,4547,4,0,4
2155,2169.0,4766,3,4766,3,0,3
2156,2170.0,4757,1,4757,1,0,1
2157,2171.0,4828,3,4828,3,0,3
2158,2172.0,4763,2,4763,2,0,2
2159,2173.0,4598,3,4598,3,0,3
2160,2174.0,4611,4,4611,4,0,4
2161,2175.0,4522,6,4522,6,0,6
2162,2176.0,4533,4,4533,4,0,4
2163,2177.0,4578,3,4578,3,0,3
2164,2179.0,4639,6,4639,6,0,6
2165,2180.0,4524,2,4524,2,0,2
2166,2181.0,4506,4,4506,4,0,4
2167,2182.0,4544,3,4544,3,0,3
2168,2183.0,4706,2,4706,2,0,2
2169,2184.0,4722,4,4722,4,0,4
2170,2185.0,4713,11,4713,11,0,11
2171,2186.0,4753,26,4753,26,0,26
2172,2187.0,4581,7,4581,7,0,7
2173,2188.0,4787,58,4787,58,0,58
2174,2189.0,4659,37,4659,37,0,37
2175,2190.0,4652,60,4652,60,0,60
2176,2191.0,4954,159,4954,159,0,159
2177,2192.0,4807,29,4807,29,0,29
2178,2193.0,4822,141,4822,141,0,141
2179,2194.0,5011,180,5011,180,3,180
2180,2195.0,4737,28,4737,28,0,28
2181,2196.0,4826,22,4826,22,0,22
2182,2197.0,4744,9,4744,9,0,9
2183,2198.0,4736,2,4736,2,0,2
2184,2199.0,4737,3,4737,3,0,3
2185,2200.0,4818,9,4818,9,0,9
2186,2201.0,4895,10,4895,10,1,10
2187,2202.0,4973,4,4973,4,0,4
2188,2203.0,4929,16,4929,16,0,16
2189,2204.0,4942,15,4942,15,0,15
2190,2205.0,4996,10,4996,10,1,10
2191,2206.0,4877,5,4877,5,0,5
2192,2207.0,4894,9,4894,9,0,9
2193,2208.0,5053,4,5053,4,0,4
2194,2209.0,4964,2,4964,2,0,2
2195,2210.0,5057,4,5057,4,0,4
2196,2211.0,4968,10,4968,10,0,10
