,time_histo_el_s,ch0,ch1,ch2,ch3
0,0.0,36,53,642,1278
1,2.0,47,48,573,1127
2,4.0,58,29,608,1267
3,6.0,52,55,577,1190
4,8.0,51,56,654,1221
5,10.0,49,58,621,1214
6,12.0,55,56,590,1196
7,14.0,51,46,634,1181
8,16.0,40,46,611,1202
9,18.0,50,61,594,1212
10,20.0,70,39,600,1203
11,22.0,55,53,644,1234
12,24.0,58,50,603,1189
13,26.0,45,48,583,1176
14,28.0,54,56,580,1206
15,30.0,41,53,602,1212
16,32.0,43,44,575,1189
17,34.0,54,43,583,1208
18,36.0,55,54,572,1118
19,38.0,46,62,603,1198
20,40.0,42,47,554,1097
21,42.0,49,44,577,1157
22,44.0,56,52,579,1124
23,46.0,47,49,634,1234
24,48.0,52,65,625,1215
25,50.0,47,38,596,1223
26,52.0,41,49,647,1203
27,54.0,54,54,615,1224
28,56.0,63,59,614,1221
29,58.0,41,49,601,1169
30,60.0,37,49,639,1243
31,62.0,55,59,663,1262
32,64.0,58,51,564,1135
33,66.0,46,55,622,1213
34,68.0,47,58,608,1184
35,70.0,56,61,627,1270
36,72.0,45,52,619,1224
37,74.0,45,65,638,1243
38,76.0,59,34,590,1197
39,78.0,53,59,614,1226
40,80.0,63,55,657,1235
41,82.0,57,43,592,1210
42,84.0,53,63,605,1193
43,86.0,48,48,589,1172
44,88.0,63,37,531,1045
45,90.0,58,58,596,1202
46,92.0,55,55,650,1240
47,94.0,52,46,638,1280
48,96.0,41,44,643,1258
49,98.0,46,60,629,1194
50,100.0,59,58,653,1266
51,102.0,64,49,633,1203
52,104.0,47,60,658,1202
53,106.0,60,43,585,1205
54,108.0,45,58,588,1142
55,110.0,61,48,577,1161
56,112.0,52,60,593,1155
57,114.0,52,57,594,1188
58,116.0,49,59,642,1222
59,118.0,58,49,582,1134
60,120.0,43,64,580,1186
61,122.0,51,46,626,1244
62,124.0,42,63,630,1219
63,126.0,54,48,595,1166
64,128.0,57,52,606,1202
65,130.0,52,51,624,1229
66,132.0,32,61,603,1192
67,134.0,58,42,654,1268
68,136.0,49,71,609,1197
69,138.0,56,53,593,1220
70,140.0,53,61,603,1198
71,142.0,57,44,609,1200
72,144.0,48,37,635,1213
73,146.0,45,58,618,1207
74,148.0,58,47,622,1201
75,150.0,46,54,595,1165
76,152.0,40,61,620,1221
77,154.0,43,56,641,1260
78,156.0,52,39,621,1261
79,158.0,49,40,600,1230
80,160.0,53,69,670,1292
81,162.0,39,72,648,1256
82,164.0,54,42,606,1183
83,166.0,49,55,625,1218
84,168.0,61,57,599,1186
85,170.0,70,51,624,1199
86,172.0,56,51,555,1155
87,174.0,54,54,602,1164
88,176.0,53,56,637,1270
89,178.0,50,49,637,1271
90,180.0,48,52,628,1194
91,182.0,51,44,604,1181
92,184.0,45,62,647,1248
93,186.0,48,51,546,1149
94,188.0,66,64,625,1215
95,190.0,42,50,613,1205
96,192.0,59,47,639,1232
97,194.0,50,55,598,1205
98,196.0,58,58,621,1234
99,198.0,59,58,601,1203
100,200.0,57,52,603,1173
101,202.0,48,64,567,1147
102,204.0,60,52,591,1219
103,206.0,52,45,572,1163
104,208.0,50,44,643,1258
105,210.0,56,64,605,1191
106,212.0,58,50,565,1164
107,214.0,51,55,598,1221
108,216.0,67,56,588,1208
109,218.0,49,48,626,1220
110,220.0,51,65,604,1152
111,222.0,66,56,648,1259
112,224.0,56,56,660,1243
113,226.0,63,49,608,1222
114,228.0,49,49,618,1221
115,230.0,45,49,651,1215
116,233.0,48,51,639,1240
117,235.0,56,57,637,1214
118,237.0,50,40,600,1233
119,239.0,44,59,632,1226
120,241.0,46,42,622,1238
121,243.0,52,52,649,1261
122,245.0,50,49,606,1195
123,247.0,44,51,655,1273
124,249.0,62,55,604,1233
125,251.0,59,66,635,1258
126,253.0,54,52,572,1156
127,255.0,59,59,633,1259
128,257.0,52,67,602,1214
129,259.0,62,55,590,1173
130,261.0,52,57,661,1271
131,263.0,57,60,589,1197
132,265.0,62,48,586,1257
133,267.0,56,47,578,1155
134,269.0,51,51,631,1226
135,271.0,41,47,634,1243
136,273.0,49,59,606,1229
137,275.0,54,62,628,1205
138,277.0,53,54,647,1264
139,279.0,58,60,604,1202
140,281.0,49,58,638,1226
141,283.0,61,57,627,1218
142,285.0,58,53,641,1224
143,287.0,53,59,651,1257
144,289.0,60,51,639,1203
145,291.0,40,56,634,1253
146,293.0,55,61,604,1240
147,295.0,41,50,610,1220
148,297.0,41,54,668,1292
149,299.0,48,66,629,1242
150,301.0,44,55,609,1130
151,303.0,52,56,593,1213
152,305.0,60,43,630,1234
153,307.0,46,52,628,1228
154,309.0,48,51,633,1291
155,311.0,66,62,608,1217
156,313.0,54,49,659,1203
157,315.0,48,53,624,1231
158,317.0,65,49,626,1238
159,319.0,42,43,602,1272
160,321.0,55,58,638,1205
161,323.0,43,54,601,1219
162,325.0,51,66,575,1192
163,327.0,53,65,615,1203
164,329.0,46,53,617,1243
165,331.0,47,50,584,1187
166,333.0,52,47,595,1239
167,335.0,45,51,618,1281
168,337.0,58,60,609,1249
169,339.0,47,49,624,1238
170,341.0,57,58,611,1182
171,343.0,43,51,590,1214
172,345.0,44,52,596,1183
173,347.0,62,44,613,1247
174,349.0,48,45,619,1220
175,351.0,46,48,609,1215
176,353.0,44,41,595,1130
177,355.0,58,69,581,1153
178,357.0,43,52,591,1214
179,359.0,58,38,589,1185
180,361.0,41,44,595,1189
181,363.0,40,64,628,1216
182,365.0,53,49,582,1190
183,367.0,61,53,656,1278
184,369.0,54,49,612,1231
185,371.0,49,70,538,1150
186,373.0,46,55,588,1177
187,375.0,49,43,605,1249
188,377.0,52,47,605,1169
189,379.0,54,53,626,1273
190,381.0,49,58,635,1232
191,383.0,49,55,630,1253
192,385.0,61,72,662,1293
193,387.0,33,54,653,1283
194,389.0,56,39,616,1157
195,391.0,55,47,593,1123
196,393.0,47,38,628,1233
197,395.0,47,56,601,1168
198,397.0,46,50,620,1197
199,399.0,49,48,666,1249
200,401.0,47,51,603,1254
201,403.0,42,44,587,1216
202,405.0,42,48,599,1201
203,407.0,43,51,590,1176
204,409.0,42,47,654,1270
205,411.0,48,43,601,1203
206,413.0,42,53,622,1213
207,415.0,59,58,653,1257
208,417.0,48,42,621,1239
209,419.0,36,60,610,1254
210,421.0,66,52,610,1248
211,423.0,54,55,662,1245
212,425.0,46,49,609,1182
213,427.0,47,58,679,1313
214,429.0,50,58,643,1275
215,431.0,56,53,617,1302
216,433.0,48,42,594,1200
217,435.0,47,49,630,1197
218,437.0,52,49,667,1241
219,439.0,48,55,597,1165
220,441.0,61,44,633,1219
221,443.0,47,70,587,1211
222,445.0,61,63,614,1214
223,447.0,53,33,669,1322
224,449.0,49,60,636,1242
225,451.0,40,49,651,1286
226,453.0,47,54,642,1301
227,455.0,51,50,665,1266
228,457.0,72,57,605,1248
229,459.0,42,62,669,1277
230,461.0,51,51,610,1221
231,463.0,63,52,558,1185
232,465.0,63,45,608,1205
233,467.0,57,48,629,1220
234,469.0,47,46,596,1216
235,471.0,57,56,625,1207
236,473.0,64,48,614,1209
237,475.0,49,46,650,1223
238,477.0,59,44,559,1138
239,479.0,45,60,562,1143
240,481.0,49,52,607,1244
241,483.0,63,52,649,1226
242,485.0,55,45,596,1193
243,487.0,62,54,564,1125
244,489.0,68,56,610,1202
245,491.0,52,59,602,1221
246,493.0,36,59,611,1174
247,495.0,38,52,600,1127
248,497.0,40,61,578,1169
249,499.0,54,57,660,1239
250,501.0,40,52,604,1140
251,503.0,42,60,630,1232
252,505.0,54,50,599,1184
253,507.0,45,66,606,1222
254,509.0,46,61,589,1162
255,511.0,48,71,571,1161
256,513.0,50,54,627,1188
257,515.0,42,57,589,1218
258,517.0,53,56,615,1165
259,519.0,55,63,643,1264
260,521.0,38,54,606,1238
261,523.0,54,56,627,1225
262,525.0,44,54,577,1162
263,527.0,49,56,611,1204
264,529.0,58,49,624,1251
265,531.0,54,71,615,1203
266,533.0,44,49,566,1198
267,535.0,53,64,596,1198
268,537.0,56,58,625,1210
269,539.0,68,54,612,1220
270,541.0,55,53,615,1238
271,543.0,56,55,640,1284
272,545.0,64,58,609,1167
273,547.0,48,69,584,1194
274,549.0,63,53,610,1198
275,551.0,68,58,640,1263
276,553.0,42,58,646,1216
277,555.0,65,63,635,1226
278,557.0,53,62,618,1209
279,559.0,64,44,660,1250
280,561.0,58,58,609,1191
281,563.0,58,64,656,1252
282,565.0,50,54,598,1162
283,567.0,52,72,605,1227
284,569.0,74,62,644,1210
285,571.0,55,49,632,1245
286,573.0,51,52,593,1169
287,575.0,39,41,630,1213
288,577.0,59,55,664,1301
289,579.0,55,63,612,1263
290,581.0,52,55,624,1241
291,583.0,58,55,619,1210
292,585.0,52,63,614,1267
293,587.0,55,67,581,1188
294,589.0,54,45,569,1125
295,591.0,43,61,625,1256
296,593.0,59,56,583,1126
297,595.0,53,57,578,1118
298,597.0,40,46,600,1156
299,599.0,61,48,635,1229
300,601.0,49,49,589,1184
301,603.0,44,51,644,1228
302,605.0,53,56,634,1277
303,607.0,71,48,664,1274
304,609.0,57,50,636,1277
305,611.0,52,55,633,1230
306,613.0,51,53,651,1267
307,615.0,59,44,664,1271
308,617.0,56,54,642,1233
309,619.0,59,43,632,1259
310,621.0,41,57,613,1209
311,623.0,51,54,596,1191
312,625.0,49,54,613,1184
313,627.0,49,64,626,1218
314,629.0,49,47,633,1252
315,631.0,43,54,643,1226
316,633.0,55,59,611,1194
317,635.0,46,53,645,1254
318,637.0,44,47,641,1233
319,639.0,55,51,675,1300
320,641.0,48,54,629,1223
321,643.0,52,56,617,1239
322,645.0,50,57,539,1091
323,647.0,51,53,600,1218
324,649.0,59,51,628,1260
325,651.0,51,60,647,1302
326,653.0,41,61,617,1225
327,655.0,51,47,600,1228
328,657.0,54,53,617,1203
329,659.0,52,61,594,1237
330,661.0,56,37,648,1236
331,663.0,50,58,599,1216
332,665.0,55,48,639,1279
333,667.0,52,31,647,1219
334,669.0,58,61,595,1200
335,671.0,49,51,647,1233
336,673.0,46,58,633,1262
337,675.0,50,43,575,1246
338,677.0,55,45,661,1275
339,679.0,43,70,629,1242
340,681.0,51,58,695,1344
341,683.0,51,51,620,1235
342,685.0,52,67,641,1301
343,687.0,56,61,615,1236
344,689.0,60,55,599,1209
345,691.0,46,44,610,1242
346,693.0,65,57,638,1262
347,695.0,49,50,582,1168
348,697.0,56,54,595,1177
349,699.0,58,61,606,1190
350,701.0,64,52,606,1180
351,703.0,55,54,603,1234
352,705.0,54,48,627,1196
353,707.0,54,48,615,1220
354,709.0,41,62,601,1208
355,711.0,47,48,622,1234
356,713.0,55,56,598,1205
357,715.0,54,69,599,1140
358,717.0,58,45,617,1234
359,719.0,39,39,551,1156
360,721.0,56,40,641,1218
361,723.0,48,47,600,1210
362,725.0,41,41,603,1186
363,727.0,44,47,566,1131
364,729.0,60,53,609,1192
365,731.0,57,47,613,1169
366,733.0,41,55,618,1215
367,735.0,62,64,601,1148
368,737.0,47,65,617,1186
369,739.0,44,57,604,1192
370,741.0,51,53,587,1148
371,743.0,33,55,607,1188
372,745.0,42,53,579,1161
373,747.0,58,45,606,1211
374,749.0,48,41,578,1144
375,751.0,44,55,608,1223
376,753.0,55,54,610,1179
377,755.0,53,47,612,1199
378,757.0,55,43,601,1154
379,759.0,58,58,643,1232
380,761.0,44,48,606,1192
381,763.0,39,50,623,1242
382,765.0,43,46,643,1210
383,767.0,61,61,645,1253
384,769.0,43,57,596,1234
385,771.0,55,49,618,1276
386,773.0,50,56,592,1181
387,775.0,55,47,593,1174
388,777.0,51,60,630,1227
389,779.0,59,57,584,1189
390,781.0,54,49,650,1286
391,783.0,52,52,638,1245
392,785.0,65,48,642,1275
393,787.0,67,54,685,1306
394,789.0,64,57,635,1263
395,791.0,67,53,643,1233
396,793.0,65,58,632,1240
397,795.0,41,52,638,1285
398,797.0,53,44,673,1270
399,799.0,51,63,651,1266
400,801.0,50,51,631,1252
401,803.0,57,53,614,1228
402,805.0,39,64,635,1253
403,807.0,70,67,615,1253
404,809.0,68,37,630,1245
405,811.0,54,50,646,1230
406,813.0,49,54,637,1229
407,815.0,46,52,612,1157
408,817.0,40,51,552,1121
409,819.0,56,54,563,1141
410,821.0,50,55,629,1201
411,823.0,48,52,605,1200
412,825.0,54,50,610,1213
413,827.0,52,68,579,1189
414,829.0,44,47,605,1139
415,831.0,45,54,648,1263
416,833.0,57,50,553,1124
417,835.0,59,48,633,1261
418,837.0,58,59,635,1254
419,839.0,61,66,586,1158
420,841.0,65,54,622,1192
421,843.0,46,47,627,1221
422,845.0,70,47,624,1217
423,847.0,55,67,689,1301
424,849.0,64,55,629,1262
425,851.0,52,56,641,1242
426,853.0,50,64,620,1225
427,855.0,55,48,659,1307
428,857.0,68,54,631,1282
429,859.0,42,59,580,1176
430,861.0,50,51,596,1195
431,863.0,49,52,648,1290
432,865.0,53,48,594,1185
433,867.0,49,53,621,1237
434,869.0,53,51,634,1235
435,871.0,56,60,657,1285
436,873.0,46,57,619,1298
437,875.0,42,49,659,1334
438,877.0,60,51,608,1262
439,879.0,63,50,620,1262
440,881.0,50,55,623,1233
441,883.0,50,53,635,1216
442,885.0,49,47,630,1261
443,887.0,67,53,630,1238
444,889.0,61,56,645,1255
445,891.0,54,49,599,1183
446,893.0,61,62,653,1247
447,895.0,76,57,673,1271
448,897.0,52,43,645,1288
449,899.0,56,55,651,1239
450,901.0,50,57,626,1245
451,903.0,51,53,606,1233
452,905.0,52,55,595,1225
453,907.0,55,47,646,1270
454,909.0,59,50,648,1258
455,911.0,68,53,581,1222
456,913.0,39,43,646,1284
457,915.0,58,49,600,1198
458,917.0,60,47,642,1315
459,919.0,59,56,573,1164
460,921.0,46,37,588,1235
461,923.0,43,61,621,1213
462,925.0,35,47,615,1203
463,927.0,54,49,624,1236
464,929.0,63,59,658,1300
465,931.0,66,40,634,1289
466,933.0,36,55,708,1361
467,935.0,64,54,582,1192
468,937.0,61,52,667,1293
469,939.0,45,51,661,1317
470,941.0,51,59,654,1297
471,943.0,57,57,681,1293
472,945.0,47,51,574,1180
473,947.0,49,48,617,1271
474,949.0,58,59,619,1221
475,951.0,40,43,610,1215
476,953.0,66,63,615,1257
477,955.0,62,60,631,1255
478,957.0,44,53,627,1285
479,959.0,50,47,597,1229
480,961.0,46,69,622,1229
481,963.0,57,59,674,1285
482,965.0,54,56,537,1084
483,967.0,78,55,629,1238
484,969.0,54,55,659,1317
485,971.0,45,59,613,1206
486,973.0,48,62,617,1233
487,975.0,72,57,638,1236
488,977.0,56,58,648,1224
489,979.0,56,68,687,1355
490,981.0,63,65,645,1301
491,983.0,74,58,693,1318
492,985.0,74,53,725,1327
493,987.0,47,74,573,1238
494,989.0,57,57,620,1219
495,991.0,49,47,583,1196
496,993.0,47,51,638,1254
497,995.0,51,47,649,1232
498,997.0,63,62,632,1229
499,999.0,51,47,628,1323
500,1001.0,51,49,603,1186
501,1003.0,50,53,601,1178
502,1005.0,54,55,629,1231
503,1007.0,53,50,630,1207
504,1009.0,52,67,604,1231
505,1011.0,46,36,489,1004
506,1013.0,44,53,619,1231
507,1015.0,49,60,600,1225
508,1017.0,51,50,585,1216
509,1019.0,70,62,610,1231
510,1021.0,59,58,606,1214
511,1023.0,62,59,618,1231
512,1025.0,48,51,604,1261
513,1027.0,60,53,625,1226
514,1029.0,56,64,586,1217
515,1031.0,54,52,638,1256
516,1033.0,51,55,639,1235
517,1035.0,44,58,626,1260
518,1037.0,49,58,616,1213
519,1039.0,59,52,606,1213
520,1041.0,41,53,624,1272
521,1043.0,48,61,587,1141
522,1045.0,55,53,566,1147
523,1047.0,42,61,612,1241
524,1049.0,46,60,621,1236
525,1051.0,57,46,670,1257
526,1053.0,53,63,641,1302
527,1055.0,49,50,602,1257
528,1057.0,57,50,631,1293
529,1059.0,69,56,627,1253
530,1061.0,47,66,606,1229
531,1063.0,48,46,638,1275
532,1065.0,39,53,688,1321
533,1067.0,61,57,629,1244
534,1069.0,48,47,625,1273
535,1071.0,51,53,637,1251
536,1073.0,48,46,656,1298
537,1075.0,61,67,654,1285
538,1077.0,54,57,670,1301
539,1079.0,44,58,610,1223
540,1081.0,49,60,656,1251
541,1083.0,58,56,657,1311
542,1085.0,60,61,628,1189
543,1087.0,54,50,626,1264
544,1089.0,61,55,700,1287
545,1091.0,69,67,638,1238
546,1093.0,56,65,593,1206
547,1095.0,51,67,634,1196
548,1097.0,61,37,627,1271
549,1099.0,60,59,679,1364
550,1101.0,49,65,663,1247
551,1103.0,56,48,606,1215
552,1105.0,59,55,640,1210
553,1107.0,52,44,589,1190
554,1109.0,55,61,642,1249
555,1111.0,45,64,626,1237
556,1113.0,61,52,659,1249
557,1115.0,61,58,614,1225
558,1117.0,60,42,647,1262
559,1119.0,62,53,623,1261
560,1121.0,47,55,606,1170
561,1123.0,45,43,640,1318
562,1125.0,55,65,601,1237
563,1127.0,52,59,641,1258
564,1129.0,45,57,631,1286
565,1131.0,53,58,664,1289
566,1133.0,47,57,647,1262
567,1135.0,50,71,612,1248
568,1137.0,39,52,662,1263
569,1139.0,44,63,637,1297
570,1141.0,62,58,627,1274
571,1143.0,45,54,648,1301
572,1145.0,37,54,601,1175
573,1147.0,59,46,645,1233
574,1149.0,45,57,594,1214
575,1151.0,59,52,608,1220
576,1153.0,46,61,598,1209
577,1155.0,43,55,602,1203
578,1157.0,51,53,604,1195
579,1159.0,44,57,610,1158
580,1161.0,50,48,571,1187
581,1163.0,55,42,599,1208
582,1165.0,52,55,605,1227
583,1167.0,39,53,626,1191
584,1169.0,56,55,605,1230
585,1171.0,45,54,643,1272
586,1173.0,49,44,614,1237
587,1175.0,48,51,604,1233
588,1177.0,60,52,631,1209
589,1179.0,40,64,593,1226
590,1181.0,48,50,666,1259
591,1183.0,64,43,689,1360
592,1185.0,50,59,590,1232
593,1187.0,49,61,640,1249
594,1189.0,66,65,694,1344
595,1191.0,62,56,640,1289
596,1193.0,48,65,620,1231
597,1195.0,60,68,678,1344
598,1197.0,71,56,602,1208
599,1199.0,58,39,698,1274
600,1201.0,37,55,661,1251
601,1203.0,52,53,632,1289
602,1205.0,48,54,657,1353
603,1207.0,53,62,621,1237
604,1209.0,57,46,635,1256
605,1211.0,67,56,700,1338
606,1213.0,55,44,588,1096
607,1215.0,54,52,610,1208
608,1217.0,62,58,653,1258
609,1219.0,61,60,610,1208
610,1221.0,69,63,639,1268
611,1223.0,65,59,628,1240
612,1225.0,52,68,643,1266
613,1227.0,67,70,592,1207
614,1229.0,62,57,622,1206
615,1231.0,43,54,652,1293
616,1233.0,55,65,607,1200
617,1235.0,61,55,639,1255
618,1237.0,63,61,638,1301
619,1239.0,59,54,631,1236
620,1241.0,46,61,628,1236
621,1243.0,52,64,624,1247
622,1245.0,53,68,649,1292
623,1247.0,45,50,621,1191
624,1249.0,61,57,604,1225
625,1251.0,59,64,624,1221
626,1253.0,67,58,633,1246
627,1255.0,56,58,599,1219
628,1257.0,62,65,617,1231
629,1259.0,58,49,633,1239
630,1261.0,61,64,674,1317
631,1263.0,55,52,697,1374
632,1265.0,53,60,636,1274
633,1267.0,66,52,663,1302
634,1269.0,61,44,631,1253
635,1271.0,63,49,616,1232
636,1273.0,53,42,610,1213
637,1275.0,60,51,587,1149
638,1277.0,55,46,653,1300
639,1279.0,60,55,653,1280
640,1281.0,59,63,669,1306
641,1283.0,54,66,649,1250
642,1285.0,71,50,602,1207
643,1287.0,57,68,663,1281
644,1289.0,66,57,591,1197
645,1291.0,49,60,635,1243
646,1293.0,68,56,609,1225
647,1295.0,65,48,643,1216
648,1297.0,70,70,664,1261
649,1299.0,56,43,597,1204
650,1301.0,45,37,677,1248
651,1303.0,36,57,615,1210
652,1305.0,58,50,596,1215
653,1307.0,54,55,622,1184
654,1309.0,45,55,618,1217
655,1311.0,48,52,569,1087
656,1313.0,62,69,584,1190
657,1315.0,57,65,602,1161
658,1317.0,59,39,626,1208
659,1319.0,49,62,616,1194
660,1321.0,60,69,605,1212
661,1323.0,46,57,610,1195
662,1325.0,61,49,602,1176
663,1327.0,45,62,635,1221
664,1329.0,69,63,655,1236
665,1331.0,54,37,599,1205
666,1333.0,58,53,625,1215
667,1335.0,48,50,573,1127
668,1337.0,53,53,593,1175
669,1339.0,48,53,596,1157
670,1341.0,38,49,583,1174
671,1343.0,34,50,583,1159
672,1345.0,63,45,616,1213
673,1347.0,51,52,636,1206
674,1349.0,51,57,623,1213
675,1351.0,64,53,588,1196
676,1353.0,55,55,579,1161
677,1355.0,46,61,625,1220
678,1357.0,33,47,555,1100
679,1359.0,57,47,667,1275
680,1361.0,71,69,636,1244
681,1363.0,58,52,617,1167
682,1365.0,69,71,620,1198
683,1367.0,59,57,610,1198
684,1369.0,51,61,647,1297
685,1371.0,43,66,670,1337
686,1373.0,67,61,613,1258
687,1375.0,75,60,633,1252
688,1377.0,67,56,613,1244
689,1379.0,67,68,589,1177
690,1381.0,67,56,667,1284
691,1383.0,59,49,624,1248
692,1385.0,55,52,686,1307
693,1387.0,56,52,638,1238
694,1389.0,64,52,690,1354
695,1391.0,47,63,664,1311
696,1393.0,62,49,683,1354
697,1395.0,70,44,675,1341
698,1397.0,64,62,692,1338
699,1399.0,55,67,668,1332
700,1401.0,64,57,627,1275
701,1403.0,72,50,633,1264
702,1405.0,47,52,629,1317
703,1407.0,44,59,644,1295
704,1409.0,54,46,617,1250
705,1411.0,40,71,655,1259
706,1413.0,49,62,643,1274
707,1415.0,64,62,665,1322
708,1417.0,54,62,662,1286
709,1419.0,56,78,683,1303
710,1421.0,54,44,632,1232
711,1423.0,50,62,666,1329
712,1425.0,55,62,679,1336
713,1427.0,53,59,649,1292
714,1429.0,57,54,653,1314
715,1431.0,60,61,657,1287
716,1433.0,56,57,622,1241
717,1435.0,63,50,616,1252
718,1437.0,52,62,672,1289
719,1439.0,51,51,620,1259
720,1441.0,51,44,595,1201
721,1443.0,55,61,620,1244
722,1445.0,51,52,593,1171
723,1447.0,38,43,639,1240
724,1449.0,51,46,602,1182
725,1451.0,56,53,603,1229
726,1453.0,40,54,602,1171
727,1455.0,48,50,578,1149
728,1457.0,49,45,593,1203
729,1459.0,51,51,656,1262
730,1461.0,72,39,651,1255
731,1463.0,51,59,649,1264
732,1465.0,59,40,606,1255
733,1467.0,56,49,616,1205
734,1469.0,50,60,670,1327
735,1471.0,37,65,629,1261
736,1473.0,61,55,681,1327
737,1475.0,64,59,609,1209
738,1477.0,59,53,662,1292
739,1479.0,64,45,602,1265
740,1481.0,52,65,628,1215
741,1483.0,67,58,634,1254
742,1485.0,55,63,612,1242
743,1487.0,46,40,645,1267
744,1489.0,66,57,624,1208
745,1491.0,66,48,590,1203
746,1493.0,54,40,620,1253
747,1495.0,46,61,654,1275
748,1497.0,71,60,645,1295
749,1499.0,59,59,714,1347
750,1501.0,68,50,644,1253
751,1503.0,58,60,659,1297
752,1505.0,51,39,659,1274
753,1507.0,57,48,663,1315
754,1509.0,64,53,668,1278
755,1511.0,51,57,636,1267
756,1513.0,60,52,556,1180
757,1515.0,52,75,696,1394
758,1517.0,62,52,631,1242
759,1519.0,59,63,612,1180
760,1521.0,40,44,604,1245
761,1523.0,76,54,671,1337
762,1525.0,48,61,685,1355
763,1527.0,63,59,604,1283
764,1529.0,54,62,631,1291
765,1531.0,59,77,660,1330
766,1533.0,63,71,682,1300
767,1535.0,57,61,651,1265
768,1537.0,52,54,625,1202
769,1539.0,58,79,593,1200
770,1541.0,61,48,673,1284
771,1543.0,71,55,668,1270
772,1545.0,58,65,643,1307
773,1547.0,55,59,670,1256
774,1549.0,52,53,605,1221
775,1551.0,45,70,699,1309
776,1553.0,62,63,673,1276
777,1555.0,50,56,583,1174
778,1557.0,58,59,654,1262
779,1559.0,71,63,694,1359
780,1561.0,59,65,647,1299
781,1563.0,63,47,666,1309
782,1565.0,57,50,656,1312
783,1567.0,51,59,626,1292
784,1569.0,51,64,696,1337
785,1571.0,54,71,647,1300
786,1573.0,48,53,652,1291
787,1575.0,52,69,694,1377
788,1577.0,50,63,692,1370
789,1579.0,66,55,665,1377
790,1581.0,55,71,663,1268
791,1583.0,61,55,662,1328
792,1585.0,55,60,679,1328
793,1587.0,54,60,672,1311
794,1589.0,46,62,676,1341
795,1591.0,53,63,628,1264
796,1593.0,55,56,647,1300
797,1595.0,44,60,674,1308
798,1597.0,58,55,599,1225
799,1599.0,56,60,656,1316
800,1601.0,64,57,624,1297
801,1603.0,69,63,662,1256
802,1605.0,41,60,644,1303
803,1607.0,57,48,643,1257
804,1609.0,58,72,642,1287
805,1611.0,49,48,621,1287
806,1613.0,72,61,662,1335
807,1615.0,73,70,676,1260
808,1617.0,70,63,665,1291
809,1619.0,59,61,676,1333
810,1621.0,62,60,654,1266
811,1623.0,68,82,652,1314
812,1625.0,52,60,585,1185
813,1627.0,58,74,626,1278
814,1629.0,54,55,612,1332
815,1631.0,59,72,673,1269
816,1633.0,42,48,623,1262
817,1635.0,57,58,665,1335
818,1637.0,69,70,686,1359
819,1639.0,58,60,669,1261
820,1641.0,48,62,669,1357
821,1643.0,51,52,678,1357
822,1645.0,58,60,687,1327
823,1647.0,68,68,605,1222
824,1649.0,55,59,605,1220
825,1651.0,55,59,627,1230
826,1653.0,42,48,687,1325
827,1656.0,52,56,615,1270
828,1658.0,45,62,655,1313
829,1660.0,69,53,647,1296
830,1662.0,49,55,631,1257
831,1664.0,46,56,618,1240
832,1666.0,56,66,685,1331
833,1668.0,62,50,672,1349
834,1670.0,69,51,686,1326
835,1672.0,63,52,651,1275
836,1674.0,67,49,655,1300
837,1676.0,52,62,685,1327
838,1678.0,48,50,685,1317
839,1680.0,53,62,699,1298
840,1682.0,60,64,649,1298
841,1684.0,64,76,632,1269
842,1686.0,53,62,696,1359
843,1688.0,75,73,691,1364
844,1690.0,55,47,654,1305
845,1692.0,53,61,686,1352
846,1694.0,50,53,684,1384
847,1696.0,57,53,657,1346
848,1698.0,48,57,641,1293
849,1700.0,44,60,718,1397
850,1702.0,70,64,660,1327
851,1704.0,53,61,655,1327
852,1706.0,51,70,715,1344
853,1708.0,59,61,694,1379
854,1710.0,54,72,693,1309
855,1712.0,58,55,669,1333
856,1714.0,56,67,653,1319
857,1716.0,46,66,636,1293
858,1718.0,65,64,699,1373
859,1720.0,52,53,681,1301
860,1722.0,55,55,649,1254
861,1724.0,57,61,650,1291
862,1726.0,53,46,698,1324
863,1728.0,57,66,700,1337
864,1730.0,54,69,586,1200
865,1732.0,63,53,624,1285
866,1734.0,62,43,669,1297
867,1736.0,56,60,615,1247
868,1738.0,71,64,640,1356
869,1740.0,63,62,702,1323
870,1742.0,61,58,665,1269
871,1744.0,47,61,667,1304
872,1746.0,49,57,684,1301
873,1748.0,60,48,614,1249
874,1750.0,56,53,726,1401
875,1752.0,46,52,630,1300
876,1754.0,67,51,680,1333
877,1756.0,63,70,671,1303
878,1758.0,52,55,663,1339
879,1760.0,59,49,675,1352
880,1762.0,59,61,631,1274
881,1764.0,58,50,668,1325
882,1766.0,49,49,653,1332
883,1768.0,60,42,653,1314
884,1770.0,40,54,622,1219
885,1772.0,62,60,701,1345
886,1774.0,49,52,646,1237
887,1776.0,44,52,625,1272
888,1778.0,58,48,672,1296
889,1780.0,60,65,653,1274
890,1782.0,57,50,661,1302
891,1784.0,54,60,700,1333
892,1786.0,50,65,595,1252
893,1788.0,60,61,651,1306
894,1790.0,57,72,650,1306
895,1792.0,50,66,655,1285
896,1794.0,58,76,640,1286
897,1796.0,58,58,645,1293
898,1798.0,60,60,727,1411
899,1800.0,57,51,681,1338
900,1802.0,56,49,661,1316
901,1804.0,44,66,728,1327
902,1806.0,52,50,693,1383
903,1808.0,47,60,687,1321
904,1810.0,63,57,714,1338
905,1812.0,61,55,678,1378
906,1814.0,53,63,672,1338
907,1816.0,63,55,657,1332
908,1818.0,54,64,656,1372
909,1820.0,50,57,671,1361
910,1822.0,45,56,610,1288
911,1824.0,41,54,700,1277
912,1826.0,64,70,669,1332
913,1828.0,58,56,674,1316
914,1830.0,63,61,710,1365
915,1832.0,53,68,674,1319
916,1834.0,50,53,656,1302
917,1836.0,53,48,650,1288
918,1838.0,43,54,680,1294
919,1840.0,52,59,636,1243
920,1842.0,46,72,613,1262
921,1844.0,60,68,696,1330
922,1846.0,57,59,658,1316
923,1848.0,39,38,643,1282
924,1850.0,59,62,654,1320
925,1852.0,63,79,657,1301
926,1854.0,53,46,651,1293
927,1856.0,44,57,649,1255
928,1858.0,54,54,656,1260
929,1860.0,58,52,680,1293
930,1862.0,56,55,670,1277
931,1864.0,52,59,708,1374
932,1866.0,63,60,705,1393
933,1868.0,58,56,677,1331
934,1870.0,41,39,698,1321
935,1872.0,47,65,669,1315
936,1874.0,67,48,680,1326
937,1876.0,50,49,681,1345
938,1878.0,48,62,676,1321
939,1880.0,63,53,697,1371
940,1882.0,59,67,725,1383
941,1884.0,55,62,668,1347
942,1886.0,56,50,628,1220
943,1888.0,68,51,696,1355
944,1890.0,54,61,672,1294
945,1892.0,67,50,681,1360
946,1894.0,67,51,673,1328
947,1896.0,45,64,724,1436
948,1898.0,58,61,675,1326
949,1900.0,62,50,634,1316
950,1902.0,49,45,687,1332
951,1904.0,62,49,699,1381
952,1906.0,57,45,640,1288
953,1908.0,67,74,735,1390
954,1910.0,54,42,676,1331
955,1912.0,61,62,664,1356
956,1914.0,44,42,651,1290
957,1916.0,66,54,658,1304
958,1918.0,50,56,692,1379
959,1920.0,57,45,685,1338
960,1922.0,61,54,624,1259
961,1924.0,64,56,665,1344
962,1926.0,54,57,631,1287
963,1928.0,58,51,693,1327
964,1930.0,49,58,660,1286
965,1932.0,63,40,701,1381
966,1934.0,54,52,731,1384
967,1936.0,61,51,640,1300
968,1938.0,49,50,730,1351
969,1940.0,53,60,735,1399
970,1942.0,46,49,642,1269
971,1944.0,58,58,630,1301
972,1946.0,54,45,683,1324
973,1948.0,50,57,676,1302
974,1950.0,60,57,694,1337
975,1952.0,56,67,666,1335
976,1954.0,58,40,682,1364
977,1956.0,60,65,687,1301
978,1958.0,40,44,638,1302
979,1960.0,60,48,632,1289
980,1962.0,77,59,693,1342
981,1964.0,56,51,680,1299
982,1966.0,59,47,649,1278
983,1968.0,57,58,686,1352
984,1970.0,53,65,612,1225
985,1972.0,55,47,670,1266
986,1974.0,57,51,694,1364
987,1976.0,44,66,702,1342
988,1978.0,37,44,688,1368
989,1980.0,61,53,714,1411
990,1982.0,53,48,644,1329
991,1984.0,50,44,713,1390
992,1986.0,41,40,547,1121
993,1988.0,54,70,643,1291
994,1990.0,66,50,675,1333
995,1992.0,41,56,686,1356
996,1994.0,56,57,727,1395
997,1996.0,57,41,657,1308
998,1998.0,62,51,637,1236
999,2000.0,50,52,666,1334
1000,2002.0,54,54,691,1391
1001,2004.0,64,45,667,1300
1002,2006.0,63,46,692,1372
1003,2008.0,46,56,690,1326
1004,2010.0,56,61,677,1285
1005,2012.0,50,40,585,1180
1006,2014.0,47,58,668,1320
1007,2016.0,52,64,678,1325
1008,2018.0,52,47,673,1319
1009,2020.0,48,49,674,1332
1010,2022.0,54,62,697,1391
1011,2024.0,57,53,682,1374
1012,2026.0,43,54,645,1305
1013,2028.0,54,50,661,1259
1014,2030.0,45,49,642,1302
1015,2032.0,53,64,695,1342
1016,2034.0,52,58,643,1302
1017,2036.0,69,51,670,1384
1018,2038.0,48,52,674,1325
1019,2040.0,59,52,653,1312
1020,2042.0,56,46,708,1411
1021,2044.0,57,64,666,1312
1022,2046.0,49,41,649,1320
1023,2048.0,63,51,659,1291
1024,2050.0,44,50,670,1311
1025,2052.0,49,64,691,1309
1026,2054.0,56,54,626,1245
1027,2056.0,44,53,698,1386
1028,2058.0,52,52,740,1403
1029,2060.0,45,40,680,1326
1030,2062.0,50,40,736,1386
1031,2064.0,51,52,684,1382
1032,2066.0,48,57,713,1394
1033,2068.0,52,43,672,1349
1034,2070.0,43,61,656,1289
1035,2072.0,48,47,640,1314
1036,2074.0,52,50,630,1282
1037,2076.0,53,47,680,1336
1038,2078.0,53,46,665,1308
1039,2080.0,47,44,640,1271
1040,2082.0,44,58,686,1309
1041,2084.0,43,50,669,1333
1042,2086.0,54,51,571,1226
1043,2088.0,67,58,716,1408
1044,2090.0,53,63,720,1383
1045,2092.0,48,64,725,1396
1046,2094.0,50,43,697,1374
1047,2096.0,56,55,696,1390
1048,2098.0,55,60,740,1389
1049,2100.0,46,52,637,1294
1050,2102.0,51,53,717,1407
1051,2104.0,42,51,604,1209
1052,2106.0,48,54,675,1330
1053,2108.0,68,55,621,1258
1054,2110.0,48,70,688,1368
1055,2112.0,46,49,719,1359
1056,2114.0,53,58,625,1259
1057,2116.0,44,62,668,1304
1058,2118.0,42,61,642,1350
1059,2120.0,47,45,640,1304
1060,2122.0,47,43,625,1228
1061,2124.0,47,41,690,1338
1062,2126.0,50,52,688,1374
1063,2128.0,46,59,697,1369
1064,2130.0,55,57,661,1325
1065,2132.0,49,49,709,1355
1066,2134.0,57,46,627,1288
1067,2136.0,52,49,676,1356
1068,2138.0,42,61,680,1328
1069,2140.0,42,53,729,1406
1070,2142.0,62,55,682,1331
1071,2144.0,56,48,714,1420
1072,2146.0,49,46,622,1267
1073,2148.0,52,58,666,1320
1074,2150.0,44,47,660,1337
1075,2152.0,58,52,678,1284
1076,2154.0,51,45,663,1307
1077,2156.0,58,50,638,1260
1078,2158.0,46,53,684,1328
1079,2160.0,52,54,702,1384
1080,2162.0,59,49,646,1279
1081,2164.0,44,44,688,1331
1082,2166.0,60,64,713,1399
1083,2168.0,48,45,705,1409
1084,2170.0,56,50,701,1343
1085,2172.0,49,59,657,1318
1086,2174.0,39,52,674,1333
1087,2176.0,47,61,715,1347
1088,2178.0,51,58,694,1352
1089,2180.0,55,56,692,1346
1090,2182.0,54,56,682,1355
1091,2184.0,49,55,636,1292
1092,2186.0,47,42,651,1276
1093,2188.0,58,61,668,1319
1094,2190.0,65,64,685,1275
1095,2192.0,49,43,677,1326
1096,2194.0,57,53,723,1401
1097,2196.0,45,58,718,1445
1098,2198.0,54,41,722,1413
1099,2200.0,62,63,733,1422
1100,2202.0,55,52,726,1422
1101,2204.0,49,69,696,1335
1102,2206.0,57,43,665,1354
1103,2208.0,42,60,652,1326
1104,2210.0,53,48,617,1215
1105,2212.0,63,52,730,1399
1106,2214.0,53,53,706,1373
1107,2216.0,55,61,679,1353
1108,2218.0,66,59,676,1353
1109,2220.0,57,60,685,1308
1110,2222.0,59,41,695,1320
1111,2224.0,51,62,679,1301
1112,2226.0,65,49,629,1310
1113,2228.0,57,62,666,1254
1114,2230.0,43,52,674,1390
1115,2232.0,40,55,694,1325
1116,2234.0,63,65,662,1310
1117,2236.0,59,38,678,1279
1118,2238.0,45,66,666,1330
1119,2240.0,42,44,682,1285
1120,2242.0,57,63,684,1354
1121,2244.0,42,51,647,1301
1122,2246.0,47,61,622,1247
1123,2248.0,57,44,630,1251
1124,2250.0,60,56,694,1356
1125,2252.0,51,55,685,1331
1126,2254.0,48,51,657,1321
1127,2256.0,50,56,665,1287
1128,2258.0,56,63,690,1346
1129,2260.0,50,54,669,1324
1130,2262.0,39,46,613,1230
1131,2264.0,56,55,668,1285
1132,2266.0,51,57,664,1304
1133,2268.0,51,50,654,1226
1134,2270.0,40,41,626,1219
1135,2272.0,69,56,674,1320
1136,2274.0,58,53,723,1436
1137,2276.0,48,52,684,1331
1138,2278.0,54,49,662,1342
1139,2280.0,47,48,687,1294
1140,2282.0,57,64,633,1275
1141,2284.0,54,48,685,1379
1142,2286.0,56,45,682,1345
1143,2288.0,57,45,706,1374
1144,2290.0,46,45,664,1347
1145,2292.0,68,63,681,1312
1146,2294.0,42,55,706,1360
1147,2296.0,51,55,642,1258
1148,2298.0,51,73,672,1356
1149,2300.0,56,55,713,1370
1150,2302.0,54,52,648,1348
1151,2304.0,46,57,637,1279
1152,2306.0,49,45,685,1330
1153,2308.0,59,58,666,1307
1154,2310.0,58,54,663,1295
1155,2312.0,49,49,683,1284
1156,2314.0,52,47,674,1288
1157,2316.0,57,43,682,1292
1158,2318.0,55,53,634,1297
1159,2320.0,62,54,640,1249
1160,2322.0,59,49,656,1303
1161,2324.0,56,42,662,1322
1162,2326.0,65,39,690,1313
1163,2328.0,50,64,650,1261
1164,2330.0,68,52,666,1354
1165,2332.0,45,50,678,1341
1166,2334.0,65,48,660,1347
1167,2336.0,50,54,700,1343
1168,2338.0,60,47,683,1321
1169,2340.0,63,57,635,1298
1170,2342.0,49,43,652,1315
1171,2344.0,55,59,708,1380
1172,2346.0,44,41,627,1269
1173,2348.0,47,64,666,1307
1174,2350.0,52,68,696,1347
1175,2352.0,53,64,701,1340
1176,2354.0,48,53,707,1361
1177,2356.0,49,49,623,1278
1178,2358.0,51,50,628,1266
1179,2360.0,65,59,697,1310
1180,2362.0,56,59,669,1311
1181,2364.0,53,59,614,1276
1182,2366.0,58,64,677,1330
1183,2368.0,54,65,638,1269
1184,2370.0,57,50,665,1285
1185,2372.0,61,57,652,1279
1186,2374.0,40,57,686,1352
1187,2376.0,68,60,681,1367
1188,2378.0,57,65,685,1356
1189,2380.0,42,62,675,1358
1190,2382.0,55,49,646,1347
1191,2384.0,58,41,661,1258
1192,2386.0,61,54,686,1342
1193,2388.0,69,71,663,1365
1194,2390.0,55,57,663,1327
1195,2392.0,39,46,694,1351
1196,2394.0,64,56,676,1380
1197,2396.0,69,54,713,1399
1198,2398.0,55,68,697,1357
1199,2400.0,62,52,747,1445
1200,2402.0,46,50,704,1380
1201,2404.0,46,65,724,1389
1202,2406.0,60,51,682,1365
1203,2408.0,62,41,697,1341
1204,2410.0,52,51,726,1422
1205,2412.0,60,64,716,1414
1206,2414.0,60,59,691,1367
1207,2416.0,73,60,697,1416
1208,2418.0,61,67,720,1402
1209,2420.0,47,59,704,1374
1210,2422.0,52,55,711,1415
1211,2424.0,54,47,712,1425
1212,2426.0,44,45,731,1402
1213,2428.0,67,62,694,1397
1214,2430.0,50,62,633,1341
1215,2432.0,66,48,680,1384
1216,2434.0,60,57,733,1433
1217,2436.0,49,47,704,1356
1218,2438.0,56,59,776,1476
1219,2440.0,48,45,768,1456
1220,2442.0,62,51,738,1405
1221,2444.0,69,74,704,1369
1222,2446.0,66,66,673,1372
1223,2448.0,53,37,705,1399
1224,2450.0,63,56,717,1408
1225,2452.0,54,67,689,1370
1226,2454.0,64,46,712,1387
1227,2456.0,58,61,660,1340
1228,2458.0,52,64,671,1354
1229,2460.0,58,61,718,1391
1230,2462.0,60,60,688,1352
1231,2464.0,48,55,686,1389
1232,2466.0,74,43,671,1340
1233,2468.0,53,57,709,1389
1234,2470.0,46,57,739,1444
1235,2472.0,50,61,710,1378
1236,2474.0,53,62,683,1324
1237,2476.0,51,53,711,1370
1238,2478.0,51,40,738,1452
1239,2480.0,65,61,662,1404
1240,2482.0,58,63,655,1352
1241,2484.0,56,44,684,1378
1242,2486.0,62,62,708,1355
1243,2488.0,53,48,697,1382
1244,2490.0,58,62,687,1373
1245,2492.0,49,56,697,1351
1246,2494.0,40,59,660,1315
1247,2496.0,48,51,708,1354
1248,2498.0,61,57,670,1314
1249,2500.0,60,50,673,1342
1250,2502.0,80,50,643,1306
1251,2504.0,47,42,675,1287
1252,2506.0,52,42,659,1330
1253,2508.0,50,48,678,1369
1254,2510.0,57,46,640,1273
1255,2512.0,43,57,699,1344
1256,2514.0,51,54,705,1383
1257,2516.0,46,75,721,1394
1258,2518.0,55,46,698,1335
1259,2520.0,59,65,662,1367
1260,2522.0,44,67,726,1437
1261,2524.0,43,55,760,1481
1262,2526.0,50,52,657,1313
1263,2528.0,56,60,711,1400
1264,2530.0,52,61,677,1326
1265,2532.0,50,66,689,1348
1266,2534.0,64,63,682,1324
1267,2536.0,51,39,663,1358
1268,2538.0,53,51,689,1346
1269,2540.0,57,69,677,1339
1270,2542.0,46,53,715,1378
1271,2544.0,49,58,670,1337
1272,2546.0,45,54,663,1344
1273,2548.0,59,51,680,1373
1274,2550.0,48,50,642,1284
1275,2552.0,52,47,671,1368
1276,2554.0,43,53,676,1346
1277,2556.0,44,53,671,1340
1278,2558.0,47,51,670,1275
1279,2560.0,54,48,702,1367
1280,2562.0,49,53,676,1312
1281,2564.0,53,42,637,1289
1282,2566.0,59,57,681,1403
1283,2568.0,48,73,649,1348
1284,2570.0,48,51,655,1264
1285,2572.0,49,55,693,1358
1286,2574.0,59,56,682,1338
1287,2576.0,58,50,720,1402
1288,2578.0,56,57,657,1309
1289,2580.0,49,54,656,1360
1290,2582.0,52,54,700,1357
1291,2584.0,49,57,710,1416
1292,2586.0,59,60,681,1337
1293,2588.0,56,57,666,1380
1294,2590.0,55,47,705,1358
1295,2592.0,62,43,698,1385
1296,2594.0,52,49,676,1345
1297,2596.0,54,45,691,1353
1298,2598.0,54,65,732,1410
1299,2600.0,48,44,693,1368
1300,2602.0,54,32,659,1349
1301,2604.0,55,49,673,1310
1302,2606.0,49,47,638,1257
1303,2608.0,53,48,668,1295
1304,2610.0,61,49,672,1315
1305,2612.0,55,36,698,1347
1306,2614.0,53,47,646,1338
1307,2616.0,42,55,652,1304
1308,2618.0,53,73,694,1383
1309,2620.0,50,47,680,1323
1310,2622.0,50,65,633,1216
1311,2624.0,63,62,670,1346
1312,2626.0,45,55,627,1260
1313,2628.0,49,51,672,1313
1314,2630.0,53,47,668,1348
1315,2632.0,56,57,712,1385
1316,2634.0,48,58,724,1388
1317,2636.0,43,63,695,1418
1318,2638.0,43,51,722,1466
1319,2640.0,52,43,665,1383
1320,2642.0,42,58,719,1397
1321,2644.0,54,55,655,1351
1322,2646.0,61,58,675,1382
1323,2648.0,45,54,682,1357
1324,2650.0,44,50,681,1381
1325,2652.0,65,45,708,1400
1326,2654.0,58,53,725,1426
1327,2656.0,40,58,653,1334
1328,2658.0,51,55,751,1452
1329,2660.0,66,52,722,1451
1330,2662.0,62,47,710,1433
1331,2664.0,68,45,673,1410
1332,2666.0,52,40,647,1323
1333,2668.0,46,69,685,1367
1334,2670.0,53,44,699,1399
1335,2672.0,48,53,669,1393
1336,2674.0,60,51,748,1481
1337,2676.0,48,58,677,1308
1338,2678.0,62,74,722,1419
1339,2680.0,69,46,675,1334
1340,2682.0,61,57,687,1368
1341,2684.0,56,51,635,1224
1342,2686.0,51,52,622,1294
1343,2688.0,61,61,736,1394
1344,2690.0,67,52,709,1395
1345,2692.0,46,57,676,1345
1346,2694.0,54,53,717,1406
1347,2696.0,60,36,686,1353
1348,2698.0,44,40,715,1411
1349,2700.0,47,62,673,1363
